{
    "MlibObjs": {},
    "CurCompileUdps": {},
    "cycles_program_begin": 3691461903033846,
    "perf": [
        [
            0.30326008796691895,
            0.074758000000000005,
            0.044844000000000002,
            228700,
            229348,
            1586055638.380183,
            3691462503134598,
            "doParsingAndDesignResolution",
            "entry"
        ],
        [
            0.43021416664123535,
            0.17428099999999999,
            0.050069000000000002,
            232368,
            233016,
            1586055638.5071371,
            3691462781764214,
            "doParsingAndDesignResolution",
            "exit"
        ],
        [
            0.4963221549987793,
            0.183646,
            0.053159999999999999,
            232368,
            233016,
            1586055638.573245,
            3691462926835668,
            "doPostDesignResolutionToVir2Vcs",
            "entry"
        ],
        [
            0.63402509689331055,
            0.26575900000000002,
            0.062814999999999996,
            237680,
            237684,
            1586055638.710948,
            3691463229060116,
            "doUptoVir2VcsNoSepCleanup",
            "entry"
        ],
        [
            1.2925581932067871,
            0.64084200000000002,
            0.10861700000000001,
            249464,
            249484,
            1586055639.3694811,
            3691464674447024,
            "doUptoVir2VcsNoSepCleanup",
            "exit"
        ],
        [
            1.2927591800689697,
            0.641046,
            0.10861700000000001,
            249464,
            249484,
            1586055639.3696821,
            3691464674824308,
            "doRadify_vir2vcsAll",
            "entry"
        ],
        [
            1.3215291500091553,
            0.662914,
            0.112458,
            249464,
            249484,
            1586055639.398452,
            3691464738013068,
            "doRadify_vir2vcsAll",
            "exit"
        ],
        [
            1.3216061592102051,
            0.66298100000000004,
            0.11247,
            249464,
            249484,
            1586055639.3985291,
            3691464738121590,
            "doPostDesignResolutionToVir2Vcs",
            "exit"
        ],
        [
            1.3216521739959717,
            0.66302099999999997,
            0.11247600000000001,
            249464,
            249484,
            1586055639.3985751,
            3691464738218148,
            "doGAToPass2",
            "entry"
        ],
        [
            1.4224669933319092,
            0.666597,
            0.116531,
            247648,
            249484,
            1586055639.4993899,
            3691464959571230,
            "DoPass2",
            "entry"
        ],
        [
            2.2109541893005371,
            1.1485110000000001,
            0.16209599999999999,
            250324,
            250352,
            1586055640.2878771,
            3691466690163354,
            "DoPass2",
            "exit"
        ]
    ],
    "incremental": "on",
    "stat": {
        "ru_self_cgstart": {
            "ru_utime_sec": 0.66673300000000002,
            "ru_stime_sec": 0.116554,
            "ru_maxrss_kb": 79164,
            "ru_nivcsw": 135,
            "ru_minflt": 29971,
            "ru_majflt": 0,
            "ru_nvcsw": 305
        },
        "outputSizePerQuad": 29.442677288983223,
        "quadSpeed": 70863.724399390092,
        "nMops": 109828,
        "ru_childs_cgstart": {
            "ru_utime_sec": 0.020577000000000002,
            "ru_stime_sec": 0.029638999999999999,
            "ru_maxrss_kb": 25276,
            "ru_nivcsw": 10,
            "ru_minflt": 6983,
            "ru_majflt": 0,
            "ru_nvcsw": 25
        },
        "cpu_cycles_total": 5050063882,
        "cpu_cycles_cgstart": 3691464959798870,
        "ru_self_end": {
            "ru_utime_sec": 1.1520730000000001,
            "ru_stime_sec": 0.198599,
            "ru_maxrss_kb": 94472,
            "ru_nivcsw": 151,
            "ru_minflt": 36809,
            "ru_majflt": 0,
            "ru_nvcsw": 566
        },
        "nQuads": 34393,
        "totalObjSize": 1012622,
        "ru_childs_end": {
            "ru_utime_sec": 0.020577000000000002,
            "ru_stime_sec": 0.033993000000000002,
            "ru_maxrss_kb": 25696,
            "ru_nivcsw": 12,
            "ru_minflt": 7579,
            "ru_majflt": 0,
            "ru_nvcsw": 27
        },
        "mop/quad": 3.1933242229523451,
        "cpu_cycles_end": 3691466953097728,
        "mopSpeed": 226290.84765319148,
        "Frontend(%)": 58.611691468042451,
        "CodeGen(%)": 41.388308531957541,
        "peak_mem_kb": 250352,
        "realTime": 2.3308980464935303
    },
    "rlimit": {
        "data": -1,
        "stack": -1
    },
    "PEModules": [],
    "CompileStatus": "Successful",
    "PrevCompiledModules": {
        "proc_testbench": {
            "pBHdv_d": {
                "bytes": 580378,
                "mod": "proc_testbench",
                "out": "pBHdv_d.o",
                "mode": 4,
                "archive": "archive.6/_19398_archive_1.a",
                "checksum": 0
            }
        },
        "_vcs_unit__290113254": {
            "Ecurt_d": {
                "bytes": 53084,
                "mod": "_vcs_unit__290113254",
                "mode": 4,
                "archive": "archive.6/_19398_archive_1.a",
                "checksum": 0,
                "out": "Ecurt_d.o"
            }
        },
        "branch": {
            "xK44C_d": {
                "bytes": 19682,
                "mod": "branch",
                "mode": 4,
                "archive": "archive.6/_prev_archive_1.a",
                "checksum": 0,
                "out": "xK44C_d.o"
            }
        },
        "psel_gen_0000": {
            "JbTwf_d": {
                "bytes": 39164,
                "mod": "psel_gen_0000",
                "mode": 4,
                "archive": "archive.6/_prev_archive_1.a",
                "checksum": 0,
                "out": "JbTwf_d.o"
            }
        },
        "dcache": {
            "W975R_d": {
                "bytes": 112826,
                "mod": "dcache",
                "mode": 4,
                "archive": "archive.6/_19398_archive_1.a",
                "checksum": 0,
                "out": "W975R_d.o"
            }
        },
        "psel_gen_0001": {
            "hid7S_d": {
                "bytes": 24772,
                "mod": "psel_gen_0001",
                "mode": 4,
                "archive": "archive.6/_prev_archive_1.a",
                "checksum": 0,
                "out": "hid7S_d.o"
            }
        },
        "load_store_queue": {
            "riAUb_d": {
                "bytes": 117552,
                "mod": "load_store_queue",
                "out": "riAUb_d.o",
                "mode": 4,
                "archive": "archive.6/_19398_archive_1.a",
                "checksum": 0
            }
        },
        "rs_branch": {
            "GLZxm_d": {
                "bytes": 33058,
                "mod": "rs_branch",
                "mode": 4,
                "archive": "archive.6/_prev_archive_1.a",
                "checksum": 0,
                "out": "GLZxm_d.o"
            }
        },
        "mem": {
            "FSbWZ_d": {
                "bytes": 41900,
                "mod": "mem",
                "mode": 4,
                "archive": "archive.6/_prev_archive_1.a",
                "checksum": 0,
                "out": "FSbWZ_d.o"
            }
        },
        "std": {
            "reYIK_d": {
                "bytes": 34314,
                "mod": "std",
                "mode": 4,
                "archive": "archive.6/_prev_archive_1.a",
                "checksum": 0,
                "out": "reYIK_d.o"
            }
        },
        "cdb": {
            "JqSQt_d": {
                "bytes": 96668,