{
    "cycles_program_begin": 16913547059375670,
    "NameTable": {
        "_vcs_unit__290113254": [
            "_vcs_unit__290113254",
            "Ecurt",
            "module",
            1
        ],
        "dcache": [
            "dcache",
            "W975R",
            "module",
            7
        ],
        "proc_testbench": [
            "proc_testbench",
            "pBHdv",
            "module",
            4
        ],
        "std": [
            "std",
            "reYIK",
            "module",
            2
        ],
        "mem": [
            "mem",
            "FSbWZ",
            "module",
            3
        ],
        "branch": [
            "branch",
            "xK44C",
            "module",
            5
        ],
        "mult_stage": [
            "mult_stage",
            "aUVMg",
            "module",
            14
        ],
        "rs_branch": [
            "rs_branch",
            "GLZxm",
            "module",
            11
        ],
        "cdb": [
            "cdb",
            "JqSQt",
            "module",
            6
        ],
        "load_store_queue": [
            "load_store_queue",
            "riAUb",
            "module",
            8
        ],
        "psel_gen_0001": [
            "psel_gen_0001",
            "hid7S",
            "module",
            10
        ],
        "psel_gen_0000": [
            "psel_gen_0000",
            "JbTwf",
            "module",
            9
        ],
        "rs_lb": [
            "rs_lb",
            "rRvxP",
            "module",
            12
        ],
        "...MASTER...": [
            "SIM",
            "amcQw",
            "module",
            15
        ],
        "rs_sq": [
            "rs_sq",
            "P37IF",
            "module",
            13
        ]
    },
    "perf": [
        [
            0.1677250862121582,
            0.067640000000000006,
            0.041172,
            228548,
            229348,
            1586229810.140846,
            16913547395294259,
            "doParsingAndDesignResolution",
            "entry"
        ],
        [
            0.29005908966064453,
            0.165351,
            0.051485999999999997,
            232364,
            233012,
            1586229810.26318,
            16913547688527408,
            "doParsingAndDesignResolution",
            "exit"
        ],
        [
            0.35432910919189453,
            0.175428,
            0.052826999999999999,
            232364,
            233012,
            1586229810.32745,
            16913547842579880,
            "doPostDesignResolutionToVir2Vcs",
            "entry"
        ],
        [
            0.44819116592407227,
            0.25494499999999998,
            0.061996999999999997,
            237640,
            237644,
            1586229810.4213121,
            16913548067583318,
            "doUptoVir2VcsNoSepCleanup",
            "entry"
        ],
        [
            1.2788209915161133,
            0.60748500000000005,
            0.11732099999999999,
            249500,
            249512,
            1586229811.2519419,
            16913550058775536,
            "doUptoVir2VcsNoSepCleanup",
            "exit"
        ],
        [
            1.2789759635925293,
            0.60761699999999996,
            0.11734600000000001,
            249500,
            249512,
            1586229811.2520969,
            16913550059101180,
            "doRadify_vir2vcsAll",
            "entry"
        ],
        [
            1.3020601272583008,
            0.626475,
            0.119518,
            249500,
            249512,
            1586229811.2751811,
            16913550114457942,
            "doRadify_vir2vcsAll",
            "exit"
        ],
        [
            1.3021171092987061,
            0.626525,
            0.11952699999999999,
            249500,
            249512,
            1586229811.275238,
            16913550114561264,
            "doPostDesignResolutionToVir2Vcs",
            "exit"
        ],
        [
            1.3021590709686279,
            0.62656000000000001,
            0.119534,
            249500,
            249512,
            1586229811.27528,
            16913550114655032,
            "doGAToPass2",
            "entry"
        ],
        [
            1.3631939888000488,
            0.62656000000000001,
            0.12701399999999999,
            247684,
            249512,
            1586229811.3363149,
            16913550261050840,
            "DoPass2",
            "entry"
        ],
        [
            2.1701140403747559,
            1.214051,
            0.17116100000000001,
            250224,
            250252,
            1586229812.143235,
            16913552195450160,
            "DoPass2",
            "exit"
        ]
    ],
    "MlibObjs": {},
    "PrevCompiledModules": {},
    "CompileStrategy": "fullobj",
    "cpu_cycles_pass2_start": 16913550261084624,
    "stat": {
        "Frontend(%)": 52.36326558576858,
        "realTime": 2.2644290924072266,
        "totalObjSize": 1390262,
        "cpu_cycles_cgstart": 16913550261245768,
        "nMops": 101274,
        "ru_self_cgstart": {
            "ru_utime_sec": 0.62660199999999999,
            "ru_nvcsw": 297,
            "ru_minflt": 31761,
            "ru_maxrss_kb": 79208,
            "ru_stime_sec": 0.127107,
            "ru_majflt": 0,
            "ru_nivcsw": 63
        },
        "mopSpeed": 171360.98599318444,
        "ru_childs_cgstart": {
            "ru_utime_sec": 0.023035,
            "ru_nvcsw": 26,
            "ru_minflt": 7545,
            "ru_maxrss_kb": 25344,
            "ru_stime_sec": 0.032135999999999998,
            "ru_majflt": 0,
            "ru_nivcsw": 10
        },
        "nQuads": 31547,
        "ru_self_end": {
            "ru_utime_sec": 1.2176,
            "ru_nvcsw": 571,
            "ru_minflt": 38353,
            "ru_maxrss_kb": 94120,
            "ru_stime_sec": 0.218671,
            "ru_majflt": 0,
            "ru_nivcsw": 158
        },
        "ru_childs_end": {
            "ru_utime_sec": 0.023035,
            "ru_nvcsw": 26,
            "ru_minflt": 7545,
            "ru_maxrss_kb": 25344,
            "ru_stime_sec": 0.032135999999999998,
            "ru_majflt": 0,
            "ru_nivcsw": 10
        },
        "cpu_cycles_end": 16913552421006428,
        "cpu_cycles_total": 5361630758,
        "quadSpeed": 53379.19925278936,
        "mop/quad": 3.2102577107173422,
        "CodeGen(%)": 47.636734414231412,
        "outputSizePerQuad": 44.069547025073696,
        "peak_mem_kb": 250252
    },
    "CurCompileUdps": {},
    "CompileProcesses": [
        "cgproc.7070.json"
    ],
    "SIMBData": {
        "text": 0,
        "out": "amcQwB.o",
        "bytes": 151094,
        "archive": "archive.0/_7070_archive_1.a"
    },
    "Misc": {
        "vcs_build_date": "Build Date = Jul 14 2018 20:29:59",
        "cwd": "/afs/umich.edu/user/s/h/shiyuliu/Desktop/group8w20",
        "vcs_version": "N-2017.12-SP2-1_Full64",
        "archive_dir": "archive.0",
        "master_pid": 7070,
        "default_output_dir": "csrc",
        "VCS_HOME": "/usr/caen/vcs-2017.12-SP2-1",
        "daidir": "/afs/umich.edu/user/s/h/shiyuliu/Desktop/group8w20/simv.daidir",
        "csrc": "csrc",
        "csrc_abs": "/afs/umich.edu/user/s/h/shiyuliu/Desktop/group8w20/csrc",
        "daidir_abs": "/afs/umich.edu/user/s/h/shiyuliu/Desktop/group8w20/simv.daidir"
    },
    "incremental": "on",
    "LVLData": [
        "SIM"
    ],