{
    "cycles_program_begin": 3685350088153796,
    "CompileStatus": "Successful",
    "stat": {
        "peak_mem_kb": 249768,
        "ru_childs_cgstart": {
            "ru_utime_sec": 0.016135,
            "ru_majflt": 140,
            "ru_stime_sec": 0.063092999999999996,
            "ru_nvcsw": 32,
            "ru_maxrss_kb": 25400,
            "ru_minflt": 6842,
            "ru_nivcsw": 17
        },
        "realTime": 1.9380829334259033,
        "nMops": 99108,
        "ru_self_cgstart": {
            "ru_utime_sec": 0.59453100000000003,
            "ru_majflt": 0,
            "ru_stime_sec": 0.12110799999999999,
            "ru_nvcsw": 307,
            "ru_maxrss_kb": 79284,
            "ru_minflt": 29994,
            "ru_nivcsw": 68
        },
        "cpu_cycles_cgstart": 3685352775292766,
        "nQuads": 31156,
        "mop/quad": 3.1810245217614583,
        "totalObjSize": 783174,
        "quadSpeed": 80509.164390535094,
        "ru_self_end": {
            "ru_utime_sec": 0.98064700000000005,
            "ru_majflt": 0,
            "ru_stime_sec": 0.18587999999999999,
            "ru_nvcsw": 553,
            "ru_maxrss_kb": 92964,
            "ru_minflt": 36286,
            "ru_nivcsw": 87
        },
        "CodeGen(%)": 38.789739518650265,
        "Frontend(%)": 61.210260481349728,
        "ru_childs_end": {
            "ru_utime_sec": 0.017006,
            "ru_majflt": 140,
            "ru_stime_sec": 0.06658,
            "ru_nvcsw": 34,
            "ru_maxrss_kb": 25820,
            "ru_minflt": 7438,
            "ru_nivcsw": 19
        },
        "cpu_cycles_end": 3685354232101694,
        "cpu_cycles_total": 4143947898,
        "outputSizePerQuad": 25.137180639363205,
        "mopSpeed": 256101.62615281652
    },
    "perf": [
        [
            0.18935799598693848,
            0.051359000000000002,
            0.049263000000000001,
            228548,
            229348,
            1586052853.6160049,
            3685350394276348,
            "doParsingAndDesignResolution",
            "entry"
        ],
        [
            0.28662705421447754,
            0.138236,
            0.058366000000000001,
            232368,
            233016,
            1586052853.713274,
            3685350607777090,
            "doParsingAndDesignResolution",
            "exit"
        ],
        [
            0.35104608535766602,
            0.14708599999999999,
            0.061284999999999999,
            232368,
            233016,
            1586052853.777693,
            3685350749144600,
            "doPostDesignResolutionToVir2Vcs",
            "entry"
        ],
        [
            0.49745416641235352,
            0.22292000000000001,
            0.074701000000000004,
            237680,
            237684,
            1586052853.9241011,
            3685351070492116,
            "doUptoVir2VcsNoSepCleanup",
            "entry"
        ],
        [
            1.0991690158843994,
            0.57211299999999998,
            0.11341900000000001,
            249584,
            249604,
            1586052854.525816,
            3685352391156132,
            "doUptoVir2VcsNoSepCleanup",
            "exit"
        ],
        [
            1.0993020534515381,
            0.57222600000000001,
            0.113441,
            249584,
            249604,
            1586052854.525949,
            3685352391387294,
            "doRadify_vir2vcsAll",
            "entry"
        ],
        [
            1.1540050506591797,
            0.59252800000000005,
            0.1163,
            249584,
            249604,
            1586052854.580652,
            3685352511491810,
            "doRadify_vir2vcsAll",
            "exit"
        ],
        [
            1.1540751457214355,
            0.592588,
            0.116311,
            249584,
            249604,
            1586052854.5807221,
            3685352511597750,
            "doPostDesignResolutionToVir2Vcs",
            "exit"
        ],
        [
            1.1541211605072021,
            0.59262700000000001,
            0.11631900000000001,
            249584,
            249604,
            1586052854.5807681,
            3685352511695038,
            "doGAToPass2",
            "entry"
        ],
        [
            1.2741050720214844,
            0.59441900000000003,
            0.121085,
            247768,
            249604,
            1586052854.700752,
            3685352775098180,
            "DoPass2",
            "entry"
        ],
        [
            1.8599650859832764,
            0.97517799999999999,
            0.160193,
            249740,
            249768,
            1586052855.286612,
            3685354061025980,
            "DoPass2",
            "exit"
        ]
    ],
    "NameTable": {
        "_vcs_unit__290113254": [
            "_vcs_unit__290113254",
            "Ecurt",
            "module",
            1
        ],
        "std": [
            "std",
            "reYIK",
            "module",
            2
        ],
        "load_store_queue": [
            "load_store_queue",
            "riAUb",
            "module",
            8
        ],
        "...MASTER...": [
            "SIM",
            "amcQw",
            "module",
            14
        ],
        "rs_branch": [
            "rs_branch",
            "GLZxm",
            "module",
            11
        ],
        "proc_testbench": [
            "proc_testbench",
            "pBHdv",
            "module",
            4
        ],
        "mult_stage": [
            "mult_stage",
            "aUVMg",
            "module",
            13
        ],
        "mem": [
            "mem",
            "FSbWZ",
            "module",
            3
        ],
        "branch": [
            "branch",
            "xK44C",
            "module",
            5
        ],
        "dcache": [
            "dcache",
            "W975R",
            "module",
            7
        ],
        "psel_gen_0000": [
            "psel_gen_0000",
            "JbTwf",
            "module",
            9
        ],
        "cdb": [
            "cdb",
            "JqSQt",
            "module",
            6
        ],
        "rs_sq": [
            "rs_sq",
            "P37IF",
            "module",
            12
        ],
        "psel_gen_0001": [
            "psel_gen_0001",
            "hid7S",
            "module",
            10
        ]
    },
    "PrevCompiledModules": {
        "_vcs_unit__290113254": {
            "Ecurt_d": {
                "bytes": 52980,
                "mod": "_vcs_unit__290113254",
                "out": "Ecurt_d.o",
                "mode": 4,
                "archive": "archive.3/_7649_archive_1.a",
                "checksum": 0
            }
        },
        "rs_sq": {
            "P37IF_d": {
                "bytes": 31918,
                "mod": "rs_sq",
                "out": "P37IF_d.o",
                "mode": 4,
                "archive": "archive.3/_prev_archive_1.a",
                "checksum": 0
            }
        },
        "psel_gen_0001": {
            "hid7S_d": {
                "bytes": 24772,
                "mod": "psel_gen_0001",
                "mode": 4,
                "archive": "archive.3/_prev_archive_1.a",
                "checksum": 0,
                "out": "hid7S_d.o"
            }
        },
        "dcache": {
            "W975R_d": {
                "bytes": 112826,
                "mod": "dcache",
                "out": "W975R_d.o",
                "mode": 4,
                "archive": "archive.3/_prev_archive_1.a",
                "checksum": 0
            }
        },
        "branch": {
            "xK44C_d": {
                "bytes": 19682,
                "mod": "branch",
                "out": "xK44C_d.o",
                "mode": 4,
                "archive": "archive.3/_prev_archive_1.a",
                "checksum": 0
            }
        },
        "cdb": {
            "JqSQt_d": {
                "bytes": 96668,