{
    "MlibObjs": {},
    "cycles_program_begin": 3627660709297876,
    "NameTable": {
        "_vcs_unit__290113254": [
            "_vcs_unit__290113254",
            "Ecurt",
            "module",
            9
        ],
        "proc_testbench": [
            "proc_testbench",
            "pBHdv",
            "module",
            4
        ],
        "...MASTER...": [
            "SIM",
            "amcQw",
            "module",
            10
        ],
        "rs_sq": [
            "rs_sq",
            "P37IF",
            "module",
            384
        ],
        "cdb": [
            "cdb",
            "JqSQt",
            "module",
            7
        ],
        "std": [
            "std",
            "reYIK",
            "module",
            2
        ],
        "mem": [
            "mem",
            "FSbWZ",
            "module",
            3
        ],
        "branch": [
            "branch",
            "xK44C",
            "module",
            8
        ],
        "dcache": [
            "dcache",
            "W975R",
            "module",
            6
        ],
        "load_store_queue": [
            "load_store_queue",
            "riAUb",
            "module",
            5
        ],
        "psel_gen_0000": [
            "psel_gen_0000",
            "JbTwf",
            "module",
            1
        ],
        "rs_branch": [
            "rs_branch",
            "GLZxm",
            "module",
            383
        ],
        "psel_gen_0001": [
            "psel_gen_0001",
            "hid7S",
            "module",
            382
        ],
        "mult_stage": [
            "mult_stage",
            "aUVMg",
            "module",
            385
        ]
    },
    "PEModules": [],
    "perf": [
        [
            0.18060612678527832,
            0.058651000000000002,
            0.041459999999999997,
            228700,
            229348,
            1586026569.5041001,
            3627660998558328,
            "doParsingAndDesignResolution",
            "entry"
        ],
        [
            0.27843999862670898,
            0.148649,
            0.047527,
            232320,
            232968,
            1586026569.601934,
            3627661213299240,
            "doParsingAndDesignResolution",
            "exit"
        ],
        [
            0.3391571044921875,
            0.159695,
            0.047807000000000002,
            232320,
            232968,
            1586026569.6626511,
            3627661346559572,
            "doPostDesignResolutionToVir2Vcs",
            "entry"
        ],
        [
            0.4684300422668457,
            0.242671,
            0.057664,
            237584,
            237588,
            1586026569.791924,
            3627661630271700,
            "doUptoVir2VcsNoSepCleanup",
            "entry"
        ],
        [
            0.97000694274902344,
            0.60740799999999995,
            0.102076,
            249472,
            249492,
            1586026570.2935009,
            3627662731185040,
            "doUptoVir2VcsNoSepCleanup",
            "exit"
        ],
        [
            0.97029304504394531,
            0.60765400000000003,
            0.102118,
            249472,
            249492,
            1586026570.293787,
            3627662731822224,
            "doRadify_vir2vcsAll",
            "entry"
        ],
        [
            0.99852108955383301,
            0.63049599999999995,
            0.105251,
            249472,
            249492,
            1586026570.322015,
            3627662793737316,
            "doRadify_vir2vcsAll",
            "exit"
        ],
        [
            0.99859714508056641,
            0.63056299999999998,
            0.10526199999999999,
            249472,
            249492,
            1586026570.3220911,
            3627662793846900,
            "doPostDesignResolutionToVir2Vcs",
            "exit"
        ],
        [
            0.99864506721496582,
            0.63060400000000005,
            0.105269,
            249472,
            249492,
            1586026570.322139,
            3627662793947678,
            "doGAToPass2",
            "entry"
        ],
        [
            1.0576400756835938,
            0.63239699999999999,
            0.110113,
            247656,
            249492,
            1586026570.381134,
            3627662923495628,
            "DoPass2",
            "entry"
        ],
        [
            1.8032600879669189,
            1.1999409999999999,
            0.14419399999999999,
            250464,
            250492,
            1586026571.126754,
            3627664559984892,
            "DoPass2",
            "exit"
        ]
    ],
    "PrevCompiledModules": {
        "psel_gen_0001": {
            "hid7S_d": {
                "bytes": 24772,
                "archive": "archive.6/_14535_archive_1.a",
                "mod": "psel_gen_0001",
                "out": "hid7S_d.o",
                "mode": 4,
                "checksum": 0
            }
        },
        "rs_branch": {
            "GLZxm_d": {
                "bytes": 33058,
                "archive": "archive.6/_14535_archive_1.a",
                "mod": "rs_branch",
                "out": "GLZxm_d.o",
                "mode": 4,
                "checksum": 0
            }
        },
        "proc_testbench": {
            "pBHdv_d": {
                "bytes": 562772,
                "archive": "archive.6/_14535_archive_1.a",
                "mod": "proc_testbench",
                "out": "pBHdv_d.o",
                "mode": 4,
                "checksum": 0
            }
        },
        "_vcs_unit__290113254": {
            "Ecurt_d": {
                "bytes": 53100,
                "archive": "archive.6/_14535_archive_1.a",
                "mod": "_vcs_unit__290113254",
                "out": "Ecurt_d.o",
                "mode": 4,
                "checksum": 0
            }
        },
        "dcache": {
            "W975R_d": {
                "bytes": 112242,
                "archive": "archive.6/_14535_archive_1.a",
                "mod": "dcache",
                "out": "W975R_d.o",
                "mode": 4,
                "checksum": 0
            }
        },
        "load_store_queue": {
            "riAUb_d": {
                "bytes": 118122,
                "archive": "archive.6/_14535_archive_1.a",
                "mod": "load_store_queue",
                "out": "riAUb_d.o",
                "mode": 4,
                "checksum": 0
            }
        },
        "branch": {
            "xK44C_d": {
                "bytes": 19682,
                "archive": "archive.6/_14535_archive_1.a",
                "mod": "branch",
                "out": "xK44C_d.o",
                "mode": 4,
                "checksum": 0
            }
        },
        "psel_gen_0000": {
            "JbTwf_d": {
                "bytes": 39164,
                "archive": "archive.6/_14535_archive_1.a",
                "mod": "psel_gen_0000",
                "out": "JbTwf_d.o",
                "mode": 4,
                "checksum": 0
            }
        },
        "mem": {
            "FSbWZ_d": {
                "bytes": 41900,
                "archive": "archive.6/_14535_archive_1.a",
                "mod": "mem",
                "out": "FSbWZ_d.o",
                "mode": 4,
                "checksum": 0
            }
        },
        "mult_stage": {
            "aUVMg_d": {
                "bytes": 17750,
                "archive": "archive.6/_14535_archive_1.a",
                "mod": "mult_stage",
                "out": "aUVMg_d.o",
                "mode": 4,
                "checksum": 0
            }
        },
        "std": {
            "reYIK_d": {
                "bytes": 34314,
                "archive": "archive.6/_14535_archive_1.a",
                "mod": "std",
                "out": "reYIK_d.o",
                "mode": 4,
                "checksum": 0
            }
        },