{
    "rlimit": {
        "data": -1,
        "stack": -1
    },
    "cycles_program_begin": 3675950883577170,
    "PrevCompiledModules": {},
    "CurCompileUdps": {},
    "perf": [
        [
            0.16849899291992188,
            0.058076999999999997,
            0.042521000000000003,
            228548,
            229348,
            1586048571.196085,
            3675951171744390,
            "doParsingAndDesignResolution",
            "entry"
        ],
        [
            0.26226997375488281,
            0.14327799999999999,
            0.050806999999999998,
            232368,
            233016,
            1586048571.289856,
            3675951377557362,
            "doParsingAndDesignResolution",
            "exit"
        ],
        [
            0.28781890869140625,
            0.14960599999999999,
            0.057618000000000003,
            232368,
            233016,
            1586048571.3154049,
            3675951433624288,
            "doPostDesignResolutionToVir2Vcs",
            "entry"
        ],
        [
            0.43592596054077148,
            0.22720099999999999,
            0.067655000000000007,
            237648,
            237652,
            1586048571.4635119,
            3675951758679632,
            "doUptoVir2VcsNoSepCleanup",
            "entry"
        ],
        [
            1.0804920196533203,
            0.56275500000000001,
            0.111537,
            249468,
            249480,
            1586048572.108078,
            3675953173424176,
            "doUptoVir2VcsNoSepCleanup",
            "exit"
        ],
        [
            1.0806441307067871,
            0.56288400000000005,
            0.11156199999999999,
            249468,
            249480,
            1586048572.1082301,
            3675953173717414,
            "doRadify_vir2vcsAll",
            "entry"
        ],
        [
            1.2327620983123779,
            0.58188499999999999,
            0.115566,
            249468,
            249480,
            1586048572.2603481,
            3675953507616026,
            "doRadify_vir2vcsAll",
            "exit"
        ],
        [
            1.2328360080718994,
            0.58194900000000005,
            0.115578,
            249468,
            249480,
            1586048572.260422,
            3675953507719970,
            "doPostDesignResolutionToVir2Vcs",
            "exit"
        ],
        [
            1.2328801155090332,
            0.58198499999999997,
            0.11558599999999999,
            249468,
            249480,
            1586048572.2604661,
            3675953507811158,
            "doGAToPass2",
            "entry"
        ],
        [
            1.3149080276489258,
            0.58656900000000001,
            0.118128,
            247652,
            249480,
            1586048572.342494,
            3675953687916068,
            "DoPass2",
            "entry"
        ],
        [
            2.4576499462127686,
            1.1616470000000001,
            0.16148000000000001,
            250344,
            250372,
            1586048573.4852359,
            3675956196054128,
            "DoPass2",
            "exit"
        ]
    ],
    "stat": {
        "nQuads": 31100,
        "mopSpeed": 170637.54706905998,
        "cpu_cycles_cgstart": 3675953688133042,
        "ru_self_cgstart": {
            "ru_nvcsw": 272,
            "ru_utime_sec": 0.58667599999999998,
            "ru_stime_sec": 0.11815000000000001,
            "ru_majflt": 0,
            "ru_maxrss_kb": 85860,
            "ru_nivcsw": 36,
            "ru_minflt": 28886
        },
        "ru_childs_cgstart": {
            "ru_nvcsw": 27,
            "ru_utime_sec": 0.02026,
            "ru_stime_sec": 0.030317,
            "ru_majflt": 0,
            "ru_maxrss_kb": 32108,
            "ru_nivcsw": 10,
            "ru_minflt": 7554
        },
        "totalObjSize": 1358298,
        "Frontend(%)": 51.192005445311977,
        "nMops": 98743,
        "ru_self_end": {
            "ru_nvcsw": 605,
            "ru_utime_sec": 1.1653469999999999,
            "ru_stime_sec": 0.20683599999999999,
            "ru_majflt": 0,
            "ru_maxrss_kb": 100292,
            "ru_nivcsw": 72,
            "ru_minflt": 34926
        },
        "ru_childs_end": {
            "ru_nvcsw": 27,
            "ru_utime_sec": 0.02026,
            "ru_stime_sec": 0.030317,
            "ru_majflt": 0,
            "ru_maxrss_kb": 32108,
            "ru_nivcsw": 10,
            "ru_minflt": 7554
        },
        "cpu_cycles_end": 3675956463315982,
        "CodeGen(%)": 48.807994554688023,
        "cpu_cycles_total": 5579738812,
        "outputSizePerQuad": 43.6751768488746,
        "quadSpeed": 53743.837171726256,
        "mop/quad": 3.1750160771704179,
        "peak_mem_kb": 250372,
        "realTime": 2.5795600414276123
    },
    "MlibObjs": {},
    "PEModules": [],
    "NameTable": {
        "_vcs_unit__290113254": [
            "_vcs_unit__290113254",
            "Ecurt",
            "module",
            1
        ],
        "mult_stage": [
            "mult_stage",
            "aUVMg",
            "module",
            13
        ],
        "psel_gen_0001": [
            "psel_gen_0001",
            "hid7S",
            "module",
            10
        ],
        "psel_gen_0000": [
            "psel_gen_0000",
            "JbTwf",
            "module",
            9
        ],
        "mem": [
            "mem",
            "FSbWZ",
            "module",
            3
        ],
        "std": [
            "std",
            "reYIK",
            "module",
            2
        ],
        "rs_branch": [
            "rs_branch",
            "GLZxm",
            "module",
            11
        ],
        "proc_testbench": [
            "proc_testbench",
            "pBHdv",
            "module",
            4
        ],
        "branch": [
            "branch",
            "xK44C",
            "module",
            5
        ],
        "cdb": [
            "cdb",
            "JqSQt",
            "module",
            6
        ],
        "dcache": [
            "dcache",
            "W975R",
            "module",
            7
        ],
        "load_store_queue": [
            "load_store_queue",
            "riAUb",
            "module",
            8
        ],
        "rs_sq": [
            "rs_sq",
            "P37IF",
            "module",
            12
        ],
        "...MASTER...": [
            "SIM",
            "amcQw",
            "module",
            14
        ]
    },
    "cpu_cycles_pass2_start": 3675953687936774,
    "CurCompileModules": [
        "...MASTER...",
        "...MASTER...",
        "_vcs_unit__290113254",
        "_vcs_unit__290113254",
        "std",
        "std",
        "mem",
        "mem",
        "proc_testbench",
        "proc_testbench",
        "branch",
        "branch",
        "cdb",
        "cdb",
        "dcache",
        "dcache",
        "load_store_queue",
        "load_store_queue",
        "psel_gen_0000",
        "psel_gen_0000",
        "psel_gen_0001",
        "psel_gen_0001",
        "rs_branch",
        "rs_branch",
        "rs_sq",
        "rs_sq",
        "mult_stage",
        "mult_stage"
    ],
    "CompileStrategy": "fullobj",
    "SIMBData": {
        "out": "amcQwB.o",
        "text": 0,
        "bytes": 150344,
        "archive": "archive.0/_13866_archive_1.a"
    },
    "incremental": "on",
    "LVLData": [
        "SIM"
    ],
    "CompileProcesses": [
        "cgproc.13866.json"
    ],
    "Misc": {
        "vcs_version": "N-2017.12-SP2-1_Full64",
        "csrc": "csrc",
        "vcs_build_date": "Build Date = Jul 14 2018 20:29:59",
        "cwd": "/afs/umich.edu/user/s/h/shiyuliu/Desktop/group8w20",
        "master_pid": 13866,
        "daidir_abs": "/afs/umich.edu/user/s/h/shiyuliu/Desktop/group8w20/simv.daidir",
        "VCS_HOME": "/usr/caen/vcs-2017.12-SP2-1",