{
    "PrevCompiledModules": {},
    "cycles_program_begin": 53308300097192,
    "rlimit": {
        "data": -1,
        "stack": -1
    },
    "CompileStrategy": "fullobj",
    "CompileProcesses": [
        "cgproc.27715.json"
    ],
    "perf": [
        [
            0.17112207412719727,
            0.029662999999999998,
            0.022502999999999999,
            266900,
            267700,
            1582414375.0913441,
            53308819713356,
            "doParsingAndDesignResolution",
            "entry"
        ],
        [
            0.17994785308837891,
            0.036297999999999997,
            0.024691000000000001,
            268100,
            268748,
            1582414375.1001699,
            53308848938940,
            "doParsingAndDesignResolution",
            "exit"
        ],
        [
            0.19167399406433105,
            0.036297999999999997,
            0.0269,
            268272,
            268748,
            1582414375.111896,
            53308887785868,
            "doPostDesignResolutionToVir2Vcs",
            "entry"
        ],
        [
            0.20526695251464844,
            0.039815000000000003,
            0.030627000000000001,
            269272,
            269276,
            1582414375.125489,
            53308932790874,
            "doUptoVir2VcsNoSepCleanup",
            "entry"
        ],
        [
            0.29522800445556641,
            0.055967999999999997,
            0.045791999999999999,
            270624,
            282972,
            1582414375.21545,
            53309230750734,
            "doUptoVir2VcsNoSepCleanup",
            "exit"
        ],
        [
            0.29531002044677734,
            0.056013,
            0.045829000000000002,
            270624,
            282972,
            1582414375.2155321,
            53309231064250,
            "doRadify_vir2vcsAll",
            "entry"
        ],
        [
            0.30248689651489258,
            0.060803000000000003,
            0.045829000000000002,
            271908,
            282972,
            1582414375.2227089,
            53309254789906,
            "doRadify_vir2vcsAll",
            "exit"
        ],
        [
            0.3025360107421875,
            0.060852999999999997,
            0.045829000000000002,
            271908,
            282972,
            1582414375.2227581,
            53309254917652,
            "doPostDesignResolutionToVir2Vcs",
            "exit"
        ],
        [
            0.30257296562194824,
            0.06089,
            0.045829000000000002,
            271908,
            282972,
            1582414375.222795,
            53309255034112,
            "doGAToPass2",
            "entry"
        ],
        [
            0.34479594230651855,
            0.062043000000000001,
            0.049034000000000001,
            270352,
            282972,
            1582414375.265018,
            53309394936378,
            "DoPass2",
            "entry"
        ],
        [
            0.44011402130126953,
            0.102909,
            0.062551999999999996,
            281432,
            282972,
            1582414375.3603361,
            53309710662646,
            "DoPass2",
            "exit"
        ]
    ],
    "LVLData": [
        "SIM"
    ],
    "cpu_cycles_pass2_start": 53309394955636,
    "MlibObjs": {},
    "Misc": {
        "master_pid": 27715,
        "vcs_version": "N-2017.12-SP2-1_Full64",
        "vcs_build_date": "Build Date = Jul 14 2018 20:29:59",
        "csrc_abs": "/afs/umich.edu/user/s/h/shiyuliu/Desktop/group8w20/csrc",
        "archive_dir": "archive.0",
        "default_output_dir": "csrc",
        "VCS_HOME": "/usr/caen/vcs-2017.12-SP2-1",
        "daidir": "/afs/umich.edu/user/s/h/shiyuliu/Desktop/group8w20/simv.daidir",
        "cwd": "/afs/umich.edu/user/s/h/shiyuliu/Desktop/group8w20",
        "csrc": "csrc",
        "daidir_abs": "/afs/umich.edu/user/s/h/shiyuliu/Desktop/group8w20/simv.daidir"
    },
    "NameTable": {
        "_vcs_unit__1758352789": [
            "_vcs_unit__1758352789",
            "YI3Pd",
            "module",
            1
        ],
        "rob": [
            "rob",
            "vtxDx",
            "module",
            4
        ],
        "std": [
            "std",
            "reYIK",
            "module",
            2
        ],
        "...MASTER...": [
            "SIM",
            "amcQw",
            "module",
            5
        ],
        "rob_testbench": [
            "rob_testbench",
            "hAERs",
            "module",
            3
        ]
    },
    "stat": {
        "ru_self_cgstart": {
            "ru_utime_sec": 0.062086000000000002,
            "ru_stime_sec": 0.049068000000000001,
            "ru_minflt": 25473,
            "ru_maxrss_kb": 76428,
            "ru_nivcsw": 4,
            "ru_nvcsw": 451,
            "ru_majflt": 0
        },
        "cpu_cycles_end": 53309804163814,
        "peak_mem_kb": 282972,
        "cpu_cycles_cgstart": 53309395045632,
        "ru_childs_cgstart": {
            "ru_utime_sec": 0.01179,
            "ru_stime_sec": 0.01661,
            "ru_minflt": 7551,
            "ru_maxrss_kb": 24956,
            "ru_nivcsw": 10,
            "ru_nvcsw": 27,
            "ru_majflt": 0
        },
        "outputSizePerQuad": 124.11360513055428,
        "Frontend(%)": 63.255957324748053,
        "nMops": 5386,
        "nQuads": 2183,
        "ru_childs_end": {
            "ru_utime_sec": 0.01179,
            "ru_stime_sec": 0.01661,
            "ru_minflt": 7551,
            "ru_maxrss_kb": 24956,
            "ru_nivcsw": 10,
            "ru_nvcsw": 27,
            "ru_majflt": 0
        },
        "quadSpeed": 50870.365623470752,
        "totalObjSize": 270940,
        "ru_self_end": {
            "ru_utime_sec": 0.104999,
            "ru_stime_sec": 0.069663000000000003,
            "ru_minflt": 29208,
            "ru_maxrss_kb": 87564,
            "ru_nivcsw": 5,
            "ru_nvcsw": 717,
            "ru_majflt": 0
        },
        "cpu_cycles_total": 1504066622,
        "mop/quad": 2.4672469079248742,
        "mopSpeed": 125509.75228951602,
        "CodeGen(%)": 36.744042675251947,
        "realTime": 0.46845197677612305
    },
    "incremental": "on",
    "CurCompileModules": [
        "...MASTER...",
        "...MASTER...",
        "_vcs_unit__1758352789",
        "_vcs_unit__1758352789",
        "std",
        "std",
        "rob_testbench",
        "rob_testbench",
        "rob",
        "rob"
    ],
    "CurCompileUdps": {},
    "PEModules": [],
    "SIMBData": {
        "out": "amcQwB.o",
        "archive": "archive.0/_27715_archive_1.a",
        "bytes": 116100,
        "text": 0
    },
    "CompileStatus": "Successful"
}