{
    "cycles_program_begin": 16704613634716618,
    "CurCompileUdps": {},
    "perf": [
        [
            0.18157696723937988,
            0.066172999999999996,
            0.040870999999999998,
            228728,
            229396,
            1586142653.767431,
            16704614011905038,
            "doParsingAndDesignResolution",
            "entry"
        ],
        [
            0.29594087600708008,
            0.16697999999999999,
            0.053353999999999999,
            232416,
            233064,
            1586142653.8817949,
            16704614286069168,
            "doParsingAndDesignResolution",
            "exit"
        ],
        [
            0.3596649169921875,
            0.176371,
            0.056478,
            232416,
            233064,
            1586142653.945519,
            16704614438791926,
            "doPostDesignResolutionToVir2Vcs",
            "entry"
        ],
        [
            0.56917595863342285,
            0.267486,
            0.070338999999999999,
            237724,
            237728,
            1586142654.15503,
            16704614941007138,
            "doUptoVir2VcsNoSepCleanup",
            "entry"
        ],
        [
            1.182204008102417,
            0.61755499999999997,
            0.119689,
            249608,
            249628,
            1586142654.7680581,
            16704616410598839,
            "doUptoVir2VcsNoSepCleanup",
            "exit"
        ],
        [
            1.1824009418487549,
            0.61772099999999996,
            0.11972099999999999,
            249608,
            249628,
            1586142654.768255,
            16704616411044837,
            "doRadify_vir2vcsAll",
            "entry"
        ],
        [
            1.2101349830627441,
            0.63973899999999995,
            0.12271700000000001,
            249608,
            249628,
            1586142654.795989,
            16704616477508832,
            "doRadify_vir2vcsAll",
            "exit"
        ],
        [
            1.2101950645446777,
            0.639791,
            0.122727,
            249608,
            249628,
            1586142654.7960491,
            16704616477613768,
            "doPostDesignResolutionToVir2Vcs",
            "exit"
        ],
        [
            1.2102358341217041,
            0.63982600000000001,
            0.122734,
            249608,
            249628,
            1586142654.7960899,
            16704616477706920,
            "doGAToPass2",
            "entry"
        ],
        [
            1.2913269996643066,
            0.64199399999999995,
            0.12940199999999999,
            247792,
            249628,
            1586142654.8771811,
            16704616672205331,
            "DoPass2",
            "entry"
        ],
        [
            2.4844708442687988,
            1.2722609999999999,
            0.176174,
            250480,
            250508,
            1586142656.0703249,
            16704619532467125,
            "DoPass2",
            "exit"
        ]
    ],
    "NameTable": {
        "dcache": [
            "dcache",
            "W975R",
            "module",
            7
        ],
        "_vcs_unit__290113254": [
            "_vcs_unit__290113254",
            "Ecurt",
            "module",
            1
        ],
        "std": [
            "std",
            "reYIK",
            "module",
            2
        ],
        "mem": [
            "mem",
            "FSbWZ",
            "module",
            3
        ],
        "rs_branch": [
            "rs_branch",
            "GLZxm",
            "module",
            11
        ],
        "cdb": [
            "cdb",
            "JqSQt",
            "module",
            6
        ],
        "...MASTER...": [
            "SIM",
            "amcQw",
            "module",
            15
        ],
        "proc_testbench": [
            "proc_testbench",
            "pBHdv",
            "module",
            4
        ],
        "mult_stage": [
            "mult_stage",
            "aUVMg",
            "module",
            14
        ],
        "branch": [
            "branch",
            "xK44C",
            "module",
            5
        ],
        "load_store_queue": [
            "load_store_queue",
            "riAUb",
            "module",
            8
        ],
        "psel_gen_0000": [
            "psel_gen_0000",
            "JbTwf",
            "module",
            9
        ],
        "rs_sq": [
            "rs_sq",
            "P37IF",
            "module",
            13
        ],
        "psel_gen_0001": [
            "psel_gen_0001",
            "hid7S",
            "module",
            10
        ],
        "rs_lb": [
            "rs_lb",
            "rRvxP",
            "module",
            12
        ]
    },
    "CurCompileModules": [
        "...MASTER...",
        "...MASTER...",
        "_vcs_unit__290113254",
        "_vcs_unit__290113254",
        "std",
        "std",
        "mem",
        "mem",
        "proc_testbench",
        "proc_testbench",
        "branch",
        "branch",
        "cdb",
        "cdb",
        "dcache",
        "dcache",
        "load_store_queue",
        "load_store_queue",
        "psel_gen_0000",
        "psel_gen_0000",
        "psel_gen_0001",
        "psel_gen_0001",
        "rs_branch",
        "rs_branch",
        "rs_lb",
        "rs_lb",
        "rs_sq",
        "rs_sq",
        "mult_stage",
        "mult_stage"
    ],
    "MlibObjs": {},
    "CompileProcesses": [
        "cgproc.18144.json"
    ],
    "PrevCompiledModules": {
        "_vcs_unit__290113254": {
            "Ecurt_d": {
                "bytes": 52596,
                "mode": 4,
                "mod": "_vcs_unit__290113254",
                "out": "Ecurt_d.o",
                "archive": "archive.5/_18144_archive_1.a",
                "checksum": 0
            }
        },
        "branch": {
            "xK44C_d": {
                "bytes": 19682,
                "mode": 4,
                "mod": "branch",
                "out": "xK44C_d.o",
                "archive": "archive.5/_18144_archive_1.a",
                "checksum": 0
            }
        },
        "mult_stage": {
            "aUVMg_d": {
                "bytes": 17750,
                "mode": 4,
                "mod": "mult_stage",
                "out": "aUVMg_d.o",
                "archive": "archive.5/_18144_archive_1.a",
                "checksum": 0
            }
        },
        "rs_lb": {
            "rRvxP_d": {
                "bytes": 29634,
                "mode": 4,
                "mod": "rs_lb",
                "out": "rRvxP_d.o",
                "archive": "archive.5/_18144_archive_1.a",
                "checksum": 0
            }
        },
        "rs_sq": {
            "P37IF_d": {
                "bytes": 31918,
                "mode": 4,
                "mod": "rs_sq",
                "out": "P37IF_d.o",
                "archive": "archive.5/_18144_archive_1.a",
                "checksum": 0
            }
        },
        "psel_gen_0001": {
            "hid7S_d": {
                "bytes": 24772,
                "mode": 4,
                "mod": "psel_gen_0001",
                "out": "hid7S_d.o",
                "archive": "archive.5/_18144_archive_1.a",
                "checksum": 0
            }
        },
        "psel_gen_0000": {
            "JbTwf_d": {
                "bytes": 39164,
                "mode": 4,
                "mod": "psel_gen_0000",
                "out": "JbTwf_d.o",
                "archive": "archive.5/_18144_archive_1.a",
                "checksum": 0
            }
        },
        "cdb": {
            "JqSQt_d": {
                "bytes": 88264,
                "mode": 4,
                "mod": "cdb",
                "out": "JqSQt_d.o",
                "archive": "archive.5/_18144_archive_1.a",
                "checksum": 0
            }
        },