{
    "PEModules": [],
    "NameTable": {
        "...MASTER...": [
            "SIM",
            "amcQw",
            "module",
            15
        ],
        "rs_lb": [
            "rs_lb",
            "rRvxP",
            "module",
            12
        ],
        "_vcs_unit__290113254": [
            "_vcs_unit__290113254",
            "Ecurt",
            "module",
            1
        ],
        "std": [
            "std",
            "reYIK",
            "module",
            2
        ],
        "branch": [
            "branch",
            "xK44C",
            "module",
            5
        ],
        "psel_gen_0000": [
            "psel_gen_0000",
            "JbTwf",
            "module",
            9
        ],
        "mem": [
            "mem",
            "FSbWZ",
            "module",
            3
        ],
        "mult_stage": [
            "mult_stage",
            "aUVMg",
            "module",
            14
        ],
        "rs_branch": [
            "rs_branch",
            "GLZxm",
            "module",
            11
        ],
        "proc_testbench": [
            "proc_testbench",
            "pBHdv",
            "module",
            4
        ],
        "cdb": [
            "cdb",
            "JqSQt",
            "module",
            6
        ],
        "dcache": [
            "dcache",
            "W975R",
            "module",
            7
        ],
        "load_store_queue": [
            "load_store_queue",
            "riAUb",
            "module",
            8
        ],
        "psel_gen_0001": [
            "psel_gen_0001",
            "hid7S",
            "module",
            10
        ],
        "rs_sq": [
            "rs_sq",
            "P37IF",
            "module",
            13
        ]
    },
    "cycles_program_begin": 16711083424433250,
    "MlibObjs": {},
    "perf": [
        [
            0.16580295562744141,
            0.050978999999999997,
            0.046816999999999998,
            228548,
            229348,
            1586145352.6171429,
            16711083760936714,
            "doParsingAndDesignResolution",
            "entry"
        ],
        [
            0.30877304077148438,
            0.14673,
            0.055023000000000002,
            232364,
            233012,
            1586145352.760113,
            16711084103734677,
            "doParsingAndDesignResolution",
            "exit"
        ],
        [
            0.38279104232788086,
            0.15582699999999999,
            0.058053,
            232364,
            233012,
            1586145352.834131,
            16711084281130233,
            "doPostDesignResolutionToVir2Vcs",
            "entry"
        ],
        [
            0.60277700424194336,
            0.24532399999999999,
            0.072406999999999999,
            237676,
            237680,
            1586145353.054117,
            16711084808466774,
            "doUptoVir2VcsNoSepCleanup",
            "entry"
        ],
        [
            1.2996821403503418,
            0.62896099999999999,
            0.12076000000000001,
            249624,
            249644,
            1586145353.7510221,
            16711086479123457,
            "doUptoVir2VcsNoSepCleanup",
            "exit"
        ],
        [
            1.2998671531677246,
            0.62911799999999996,
            0.12078999999999999,
            249624,
            249644,
            1586145353.7512071,
            16711086479518953,
            "doRadify_vir2vcsAll",
            "entry"
        ],
        [
            1.3313231468200684,
            0.65473599999999998,
            0.12307800000000001,
            249624,
            249644,
            1586145353.7826631,
            16711086554957790,
            "doRadify_vir2vcsAll",
            "exit"
        ],
        [
            1.3314039707183838,
            0.654806,
            0.12309100000000001,
            249624,
            249644,
            1586145353.7827439,
            16711086555067060,
            "doPostDesignResolutionToVir2Vcs",
            "exit"
        ],
        [
            1.3314459323883057,
            0.65484100000000001,
            0.123098,
            249624,
            249644,
            1586145353.7827859,
            16711086555160844,
            "doGAToPass2",
            "entry"
        ],
        [
            1.4321439266204834,
            0.65858799999999995,
            0.127861,
            247808,
            249644,
            1586145353.8834839,
            16711086796638783,
            "DoPass2",
            "entry"
        ],
        [
            2.7172911167144775,
            1.3295699999999999,
            0.185053,
            250356,
            250384,
            1586145355.1686311,
            16711089877435023,
            "DoPass2",
            "exit"
        ]
    ],
    "cpu_cycles_pass2_start": 16711086796687347,
    "PrevCompiledModules": {
        "...MASTER...": {
            "amcQw_d": {
                "bytes": 8022,
                "mod": "...MASTER...",
                "out": "objs/amcQw_d.o",
                "checksum": 0,
                "mode": 4
            }
        },
        "_vcs_unit__290113254": {
            "Ecurt_d": {
                "archive": "archive.6/_10313_archive_1.a",
                "bytes": 52596,
                "mod": "_vcs_unit__290113254",
                "out": "Ecurt_d.o",
                "checksum": 0,
                "mode": 4
            }
        },
        "rs_lb": {
            "rRvxP_d": {
                "archive": "archive.6/_10313_archive_1.a",
                "bytes": 29634,
                "mod": "rs_lb",
                "out": "rRvxP_d.o",
                "checksum": 0,
                "mode": 4
            }
        },
        "psel_gen_0000": {
            "JbTwf_d": {
                "archive": "archive.6/_10313_archive_1.a",
                "bytes": 39164,
                "mod": "psel_gen_0000",
                "out": "JbTwf_d.o",
                "checksum": 0,
                "mode": 4
            }
        },
        "mem": {
            "FSbWZ_d": {
                "archive": "archive.6/_10313_archive_1.a",
                "bytes": 41900,
                "mod": "mem",
                "out": "FSbWZ_d.o",
                "checksum": 0,
                "mode": 4
            }
        },
        "branch": {
            "xK44C_d": {
                "archive": "archive.6/_10313_archive_1.a",
                "bytes": 19682,
                "mod": "branch",
                "out": "xK44C_d.o",
                "checksum": 0,
                "mode": 4
            }
        },
        "psel_gen_0001": {
            "hid7S_d": {
                "archive": "archive.6/_10313_archive_1.a",
                "bytes": 24772,
                "mod": "psel_gen_0001",
                "out": "hid7S_d.o",
                "checksum": 0,
                "mode": 4
            }
        },
        "proc_testbench": {
            "pBHdv_d": {
                "archive": "archive.6/_10313_archive_1.a",
                "bytes": 570124,
                "mod": "proc_testbench",
                "out": "pBHdv_d.o",
                "checksum": 0,
                "mode": 4
            }
        },
        "rs_branch": {
            "GLZxm_d": {
                "archive": "archive.6/_10313_archive_1.a",
                "bytes": 33058,
                "mod": "rs_branch",
                "out": "GLZxm_d.o",
                "checksum": 0,
                "mode": 4
            }
        },
        "mult_stage": {
            "aUVMg_d": {
                "archive": "archive.6/_10313_archive_1.a",
                "bytes": 17750,
                "mod": "mult_stage",
                "out": "aUVMg_d.o",
                "checksum": 0,
                "mode": 4
            }
        },
        "std": {
            "reYIK_d": {
                "archive": "archive.6/_10313_archive_1.a",
                "bytes": 34314,