{
    "CompileStrategy": "fullobj",
    "cycles_program_begin": 16915273939802926,
    "NameTable": {
        "_vcs_unit__290113254": [
            "_vcs_unit__290113254",
            "Ecurt",
            "module",
            1
        ],
        "cdb": [
            "cdb",
            "JqSQt",
            "module",
            6
        ],
        "rs_sq": [
            "rs_sq",
            "P37IF",
            "module",
            13
        ],
        "mem": [
            "mem",
            "FSbWZ",
            "module",
            3
        ],
        "branch": [
            "branch",
            "xK44C",
            "module",
            5
        ],
        "proc_testbench": [
            "proc_testbench",
            "pBHdv",
            "module",
            4
        ],
        "std": [
            "std",
            "reYIK",
            "module",
            2
        ],
        "load_store_queue": [
            "load_store_queue",
            "riAUb",
            "module",
            8
        ],
        "psel_gen_0001": [
            "psel_gen_0001",
            "hid7S",
            "module",
            10
        ],
        "dcache": [
            "dcache",
            "W975R",
            "module",
            7
        ],
        "rs_lb": [
            "rs_lb",
            "rRvxP",
            "module",
            12
        ],
        "psel_gen_0000": [
            "psel_gen_0000",
            "JbTwf",
            "module",
            9
        ],
        "mult_stage": [
            "mult_stage",
            "aUVMg",
            "module",
            14
        ],
        "rs_branch": [
            "rs_branch",
            "GLZxm",
            "module",
            11
        ],
        "...MASTER...": [
            "SIM",
            "amcQw",
            "module",
            15
        ]
    },
    "perf": [
        [
            0.21466183662414551,
            0.063613000000000003,
            0.030779999999999998,
            228700,
            229348,
            1586230530.5595729,
            16915274400541566,
            "doParsingAndDesignResolution",
            "entry"
        ],
        [
            0.3154609203338623,
            0.157445,
            0.036332999999999997,
            232364,
            233012,
            1586230530.660372,
            16915274642070408,
            "doParsingAndDesignResolution",
            "exit"
        ],
        [
            0.34258699417114258,
            0.16528499999999999,
            0.040069,
            232364,
            233012,
            1586230530.6874981,
            16915274707116592,
            "doPostDesignResolutionToVir2Vcs",
            "entry"
        ],
        [
            0.46516680717468262,
            0.242309,
            0.049062000000000001,
            237672,
            237676,
            1586230530.8100779,
            16915275000914354,
            "doUptoVir2VcsNoSepCleanup",
            "entry"
        ],
        [
            0.93322086334228516,
            0.58743699999999999,
            0.087212999999999999,
            249616,
            249636,
            1586230531.278132,
            16915276122971080,
            "doUptoVir2VcsNoSepCleanup",
            "exit"
        ],
        [
            0.93337488174438477,
            0.58757300000000001,
            0.087233000000000005,
            249616,
            249636,
            1586230531.278286,
            16915276123302156,
            "doRadify_vir2vcsAll",
            "entry"
        ],
        [
            0.95892786979675293,
            0.60697299999999998,
            0.090292999999999998,
            249616,
            249636,
            1586230531.303839,
            16915276184562914,
            "doRadify_vir2vcsAll",
            "exit"
        ],
        [
            0.9589848518371582,
            0.60702400000000001,
            0.090301000000000006,
            249616,
            249636,
            1586230531.303896,
            16915276184665538,
            "doPostDesignResolutionToVir2Vcs",
            "exit"
        ],
        [
            0.95902585983276367,
            0.60706000000000004,
            0.090305999999999997,
            249616,
            249636,
            1586230531.303937,
            16915276184758982,
            "doGAToPass2",
            "entry"
        ],
        [
            1.0143258571624756,
            0.60961200000000004,
            0.095565999999999998,
            247800,
            249636,
            1586230531.359237,
            16915276317374362,
            "DoPass2",
            "entry"
        ],
        [
            1.7143487930297852,
            1.140185,
            0.13148199999999999,
            250480,
            250508,
            1586230532.0592599,
            16915277995736484,
            "DoPass2",
            "exit"
        ]
    ],
    "cpu_cycles_pass2_start": 16915276317409154,
    "MlibObjs": {},
    "PEModules": [],
    "PrevCompiledModules": {
        "rs_sq": {
            "P37IF_d": {
                "bytes": 31626,
                "mod": "rs_sq",
                "out": "P37IF_d.o",
                "mode": 4,
                "checksum": 0,
                "archive": "archive.1/_11345_archive_1.a"
            }
        },
        "branch": {
            "xK44C_d": {
                "bytes": 19682,
                "mod": "branch",
                "out": "xK44C_d.o",
                "mode": 4,
                "checksum": 0,
                "archive": "archive.1/_11345_archive_1.a"
            }
        },
        "mem": {
            "FSbWZ_d": {
                "bytes": 41900,
                "mod": "mem",
                "out": "FSbWZ_d.o",
                "mode": 4,
                "checksum": 0,
                "archive": "archive.1/_prev_archive_1.a"
            }
        },
        "cdb": {
            "JqSQt_d": {
                "bytes": 88264,
                "mod": "cdb",
                "out": "JqSQt_d.o",
                "mode": 4,
                "checksum": 0,
                "archive": "archive.1/_11345_archive_1.a"
            }
        },
        "_vcs_unit__290113254": {
            "Ecurt_d": {
                "bytes": 52596,
                "mod": "_vcs_unit__290113254",
                "out": "Ecurt_d.o",
                "mode": 4,
                "checksum": 0,
                "archive": "archive.1/_11345_archive_1.a"
            }
        },
        "psel_gen_0000": {
            "JbTwf_d": {
                "bytes": 39164,
                "mod": "psel_gen_0000",
                "out": "JbTwf_d.o",
                "mode": 4,
                "checksum": 0,
                "archive": "archive.1/_prev_archive_1.a"
            }
        },
        "rs_lb": {
            "rRvxP_d": {
                "bytes": 29346,
                "mod": "rs_lb",
                "out": "rRvxP_d.o",
                "mode": 4,
                "checksum": 0,
                "archive": "archive.1/_11345_archive_1.a"
            }
        },
        "dcache": {
            "W975R_d": {
                "bytes": 129916,
                "mod": "dcache",
                "out": "W975R_d.o",
                "mode": 4,
                "checksum": 0,
                "archive": "archive.1/_11345_archive_1.a"
            }
        },
        "psel_gen_0001": {
            "hid7S_d": {
                "bytes": 24772,
                "mod": "psel_gen_0001",
                "out": "hid7S_d.o",
                "mode": 4,
                "checksum": 0,
                "archive": "archive.1/_prev_archive_1.a"
            }
        },
        "rs_branch": {
            "GLZxm_d": {
                "bytes": 32762,
                "mod": "rs_branch",
                "out": "GLZxm_d.o",
                "mode": 4,
                "checksum": 0,
                "archive": "archive.1/_11345_archive_1.a"
            }
        },