{
    "cycles_program_begin": 3628634440751026,
    "perf": [
        [
            0.16451501846313477,
            0.068706000000000003,
            0.042436000000000001,
            228700,
            229348,
            1586027013.1559429,
            3628634742914258,
            "doParsingAndDesignResolution",
            "entry"
        ],
        [
            0.28770709037780762,
            0.157857,
            0.051277999999999997,
            232320,
            232968,
            1586027013.279135,
            3628635013268476,
            "doParsingAndDesignResolution",
            "exit"
        ],
        [
            0.31102108955383301,
            0.16589300000000001,
            0.054292,
            232320,
            232968,
            1586027013.302449,
            3628635064418946,
            "doPostDesignResolutionToVir2Vcs",
            "entry"
        ],
        [
            0.42801403999328613,
            0.249971,
            0.061495000000000001,
            237584,
            237588,
            1586027013.4194419,
            3628635321199366,
            "doUptoVir2VcsNoSepCleanup",
            "entry"
        ],
        [
            0.91901421546936035,
            0.60034200000000004,
            0.101906,
            249472,
            249492,
            1586027013.9104421,
            3628636398873804,
            "doUptoVir2VcsNoSepCleanup",
            "exit"
        ],
        [
            0.91918802261352539,
            0.60049300000000005,
            0.10193199999999999,
            249472,
            249492,
            1586027013.9106159,
            3628636399222446,
            "doRadify_vir2vcsAll",
            "entry"
        ],
        [
            0.94346714019775391,
            0.62019599999999997,
            0.104708,
            249472,
            249492,
            1586027013.934895,
            3628636452517642,
            "doRadify_vir2vcsAll",
            "exit"
        ],
        [
            0.94353318214416504,
            0.62025399999999997,
            0.10471800000000001,
            249472,
            249492,
            1586027013.9349611,
            3628636452617566,
            "doPostDesignResolutionToVir2Vcs",
            "exit"
        ],
        [
            0.94357609748840332,
            0.62029100000000004,
            0.104724,
            249472,
            249492,
            1586027013.935004,
            3628636452709338,
            "doGAToPass2",
            "entry"
        ],
        [
            0.99549698829650879,
            0.62267399999999995,
            0.108641,
            247656,
            249492,
            1586027013.9869249,
            3628636566730646,
            "DoPass2",
            "entry"
        ],
        [
            1.4278280735015869,
            0.981707,
            0.13350400000000001,
            249628,
            249656,
            1586027014.419256,
            3628637515619766,
            "DoPass2",
            "exit"
        ]
    ],
    "incremental": "on",
    "Misc": {
        "default_output_dir": "csrc",
        "vcs_version": "N-2017.12-SP2-1_Full64",
        "vcs_build_date": "Build Date = Jul 14 2018 20:29:59",
        "master_pid": 17552,
        "VCS_HOME": "/usr/caen/vcs-2017.12-SP2-1",
        "daidir": "/afs/umich.edu/user/s/h/shiyuliu/Desktop/group8w20/simv.daidir",
        "cwd": "/afs/umich.edu/user/s/h/shiyuliu/Desktop/group8w20",
        "csrc_abs": "/afs/umich.edu/user/s/h/shiyuliu/Desktop/group8w20/csrc",
        "daidir_abs": "/afs/umich.edu/user/s/h/shiyuliu/Desktop/group8w20/simv.daidir",
        "csrc": "csrc",
        "archive_dir": "archive.8"
    },
    "PrevCompiledModules": {
        "_vcs_unit__290113254": {
            "Ecurt_d": {
                "bytes": 53100,
                "archive": "archive.8/_17552_archive_1.a",
                "checksum": 0,
                "out": "Ecurt_d.o",
                "mod": "_vcs_unit__290113254",
                "mode": 4
            }
        },
        "mult_stage": {
            "aUVMg_d": {
                "bytes": 17750,
                "archive": "archive.8/_prev_archive_1.a",
                "checksum": 0,
                "out": "aUVMg_d.o",
                "mod": "mult_stage",
                "mode": 4
            }
        },
        "cdb": {
            "JqSQt_d": {
                "bytes": 96620,
                "archive": "archive.8/_prev_archive_1.a",
                "checksum": 0,
                "out": "JqSQt_d.o",
                "mod": "cdb",
                "mode": 4
            }
        },
        "branch": {
            "xK44C_d": {
                "bytes": 19682,
                "archive": "archive.8/_prev_archive_1.a",
                "checksum": 0,
                "out": "xK44C_d.o",
                "mod": "branch",
                "mode": 4
            }
        },
        "rs_sq": {
            "P37IF_d": {
                "bytes": 31918,
                "archive": "archive.8/_prev_archive_1.a",
                "checksum": 0,
                "out": "P37IF_d.o",
                "mod": "rs_sq",
                "mode": 4
            }
        },
        "rs_branch": {
            "GLZxm_d": {
                "bytes": 33058,
                "archive": "archive.8/_prev_archive_1.a",
                "checksum": 0,
                "out": "GLZxm_d.o",
                "mod": "rs_branch",
                "mode": 4
            }
        },
        "psel_gen_0000": {
            "JbTwf_d": {
                "bytes": 39164,
                "archive": "archive.8/_prev_archive_1.a",
                "checksum": 0,
                "out": "JbTwf_d.o",
                "mod": "psel_gen_0000",
                "mode": 4
            }
        },
        "psel_gen_0001": {
            "hid7S_d": {
                "bytes": 24772,
                "archive": "archive.8/_prev_archive_1.a",
                "checksum": 0,
                "out": "hid7S_d.o",
                "mod": "psel_gen_0001",
                "mode": 4
            }
        },
        "mem": {
            "FSbWZ_d": {
                "bytes": 41900,
                "archive": "archive.8/_prev_archive_1.a",
                "checksum": 0,
                "out": "FSbWZ_d.o",
                "mod": "mem",
                "mode": 4
            }
        },
        "std": {
            "reYIK_d": {
                "bytes": 34314,
                "archive": "archive.8/_prev_archive_1.a",
                "checksum": 0,
                "out": "reYIK_d.o",
                "mod": "std",
                "mode": 4
            }
        },
        "load_store_queue": {
            "riAUb_d": {
                "bytes": 118122,
                "archive": "archive.8/_prev_archive_1.a",
                "checksum": 0,
                "out": "riAUb_d.o",
                "mod": "load_store_queue",
                "mode": 4
            }
        },
        "dcache": {
            "W975R_d": {
                "bytes": 112242,
                "archive": "archive.8/_prev_archive_1.a",
                "checksum": 0,
                "out": "W975R_d.o",
                "mod": "dcache",
                "mode": 4
            }
        },
        "proc_testbench": {
            "pBHdv_d": {
                "bytes": 563602,
                "archive": "archive.8/_17552_archive_1.a",
                "checksum": 0,
                "out": "pBHdv_d.o",
                "mod": "proc_testbench",
                "mode": 4
            }
        },
        "...MASTER...": {
            "amcQw_d": {
                "bytes": 8022,
                "checksum": 0,
                "out": "objs/amcQw_d.o",
                "mod": "...MASTER...",
                "mode": 4
            }
        }
    },
    "MlibObjs": {},
    "NameTable": {
        "mult_stage": [
            "mult_stage",
            "aUVMg",
            "module",
            385
        ],