{
    "CompileStrategy": "fullobj",
    "SIMBData": {
        "out": "amcQwB.o",
        "bytes": 148668,
        "text": 0,
        "archive": "archive.1/_19957_archive_1.a"
    },
    "stat": {
        "totalObjSize": 265294,
        "ru_self_end": {
            "ru_utime_sec": 0.89325900000000003,
            "ru_nivcsw": 61,
            "ru_majflt": 0,
            "ru_stime_sec": 0.144203,
            "ru_nvcsw": 387,
            "ru_maxrss_kb": 93852,
            "ru_minflt": 36610
        },
        "ru_self_cgstart": {
            "ru_utime_sec": 0.63783699999999999,
            "ru_nivcsw": 51,
            "ru_majflt": 0,
            "ru_stime_sec": 0.102455,
            "ru_nvcsw": 268,
            "ru_maxrss_kb": 79156,
            "ru_minflt": 29962
        },
        "outputSizePerQuad": 8.5303536977491969,
        "CodeGen(%)": 28.315698657253719,
        "nQuads": 31100,
        "ru_childs_cgstart": {
            "ru_utime_sec": 0.016892999999999998,
            "ru_nivcsw": 9,
            "ru_majflt": 0,
            "ru_stime_sec": 0.026960000000000001,
            "ru_nvcsw": 23,
            "ru_maxrss_kb": 25268,
            "ru_minflt": 6983
        },
        "cpu_cycles_cgstart": 3676912770426674,
        "nMops": 98742,
        "quadSpeed": 120252.7240528648,
        "ru_childs_end": {
            "ru_utime_sec": 0.020093,
            "ru_nivcsw": 12,
            "ru_majflt": 0,
            "ru_stime_sec": 0.028027,
            "ru_nvcsw": 25,
            "ru_maxrss_kb": 25688,
            "ru_minflt": 7577
        },
        "cpu_cycles_end": 3676913783808972,
        "cpu_cycles_total": 3848142114,
        "mopSpeed": 381800.4655443079,
        "mop/quad": 3.1749839228295822,
        "Frontend(%)": 71.684301342746281,
        "peak_mem_kb": 250376,
        "realTime": 1.7820611000061035
    },
    "cycles_program_begin": 3676909935666858,
    "CompileStatus": "Successful",
    "NameTable": {
        "rs_sq": [
            "rs_sq",
            "P37IF",
            "module",
            12
        ],
        "_vcs_unit__290113254": [
            "_vcs_unit__290113254",
            "Ecurt",
            "module",
            1
        ],
        "std": [
            "std",
            "reYIK",
            "module",
            2
        ],
        "mem": [
            "mem",
            "FSbWZ",
            "module",
            3
        ],
        "proc_testbench": [
            "proc_testbench",
            "pBHdv",
            "module",
            4
        ],
        "cdb": [
            "cdb",
            "JqSQt",
            "module",
            6
        ],
        "branch": [
            "branch",
            "xK44C",
            "module",
            5
        ],
        "dcache": [
            "dcache",
            "W975R",
            "module",
            7
        ],
        "load_store_queue": [
            "load_store_queue",
            "riAUb",
            "module",
            8
        ],
        "psel_gen_0000": [
            "psel_gen_0000",
            "JbTwf",
            "module",
            9
        ],
        "psel_gen_0001": [
            "psel_gen_0001",
            "hid7S",
            "module",
            10
        ],
        "rs_branch": [
            "rs_branch",
            "GLZxm",
            "module",
            11
        ],
        "mult_stage": [
            "mult_stage",
            "aUVMg",
            "module",
            13
        ],
        "...MASTER...": [
            "SIM",
            "amcQw",
            "module",
            14
        ]
    },
    "perf": [
        [
            0.31852197647094727,
            0.084071000000000007,
            0.033028000000000002,
            228700,
            229348,
            1586049008.312506,
            3676910571912804,
            "doParsingAndDesignResolution",
            "entry"
        ],
        [
            0.41097092628479004,
            0.162026,
            0.046006999999999999,
            232368,
            233016,
            1586049008.4049549,
            3676910774813166,
            "doParsingAndDesignResolution",
            "exit"
        ],
        [
            0.43407201766967773,
            0.17301900000000001,
            0.046543000000000001,
            232368,
            233016,
            1586049008.428056,
            3676910825512934,
            "doPostDesignResolutionToVir2Vcs",
            "entry"
        ],
        [
            0.66971611976623535,
            0.26160099999999997,
            0.056612999999999997,
            237680,
            237684,
            1586049008.6637001,
            3676911342704504,
            "doUptoVir2VcsNoSepCleanup",
            "entry"
        ],
        [
            1.2196800708770752,
            0.61204199999999997,
            0.095474000000000003,
            249464,
            249484,
            1586049009.2136641,
            3676912549797972,
            "doUptoVir2VcsNoSepCleanup",
            "exit"
        ],
        [
            1.2198460102081299,
            0.61218700000000004,
            0.095496999999999999,
            249464,
            249484,
            1586049009.21383,
            3676912550099684,
            "doRadify_vir2vcsAll",
            "entry"
        ],
        [
            1.2663900852203369,
            0.63578900000000005,
            0.096574999999999994,
            249464,
            249484,
            1586049009.2603741,
            3676912652346420,
            "doRadify_vir2vcsAll",
            "exit"
        ],
        [
            1.2664849758148193,
            0.63587400000000005,
            0.096587999999999993,
            249464,
            249484,
            1586049009.260469,
            3676912652468314,
            "doPostDesignResolutionToVir2Vcs",
            "exit"
        ],
        [
            1.2665369510650635,
            0.63591799999999998,
            0.096595,
            249464,
            249484,
            1586049009.2605209,
            3676912652606668,
            "doGAToPass2",
            "entry"
        ],
        [
            1.3201091289520264,
            0.63771199999999995,
            0.102435,
            247648,
            249484,
            1586049009.3140931,
            3676912770220480,
            "DoPass2",
            "entry"
        ],
        [
            1.702599048614502,
            0.88870400000000005,
            0.132242,
            250348,
            250376,
            1586049009.696583,
            3676913609755958,
            "DoPass2",
            "exit"
        ]
    ],
    "PrevCompiledModules": {
        "rs_sq": {
            "P37IF_d": {
                "mode": 4,
                "bytes": 31918,
                "out": "P37IF_d.o",
                "mod": "rs_sq",
                "checksum": 0,
                "archive": "archive.1/_prev_archive_1.a"
            }
        },
        "_vcs_unit__290113254": {
            "Ecurt_d": {
                "mode": 4,
                "bytes": 52980,
                "out": "Ecurt_d.o",
                "mod": "_vcs_unit__290113254",
                "checksum": 0,
                "archive": "archive.1/_prev_archive_1.a"
            }
        },
        "branch": {
            "xK44C_d": {
                "mode": 4,
                "bytes": 19682,
                "out": "xK44C_d.o",
                "mod": "branch",
                "checksum": 0,
                "archive": "archive.1/_prev_archive_1.a"
            }
        },
        "psel_gen_0000": {
            "JbTwf_d": {
                "mode": 4,
                "bytes": 39164,
                "out": "JbTwf_d.o",
                "mod": "psel_gen_0000",
                "checksum": 0,
                "archive": "archive.1/_prev_archive_1.a"
            }
        },
        "psel_gen_0001": {
            "hid7S_d": {
                "mode": 4,
                "bytes": 24772,
                "out": "hid7S_d.o",