{
    "cycles_program_begin": 16719558235827729,
    "CompileProcesses": [
        "cgproc.24445.json"
    ],
    "cpu_cycles_pass2_start": 16719561401741103,
    "perf": [
        [
            0.33487796783447266,
            0.072101999999999999,
            0.037574000000000003,
            228700,
            229348,
            1586148887.879796,
            16719558580932426,
            "doParsingAndDesignResolution",
            "entry"
        ],
        [
            0.49514198303222656,
            0.175704,
            0.044304999999999997,
            232364,
            233012,
            1586148888.04006,
            16719558965137791,
            "doParsingAndDesignResolution",
            "exit"
        ],
        [
            0.52030301094055176,
            0.18604499999999999,
            0.046510999999999997,
            232364,
            233012,
            1586148888.0652211,
            16719559025431500,
            "doPostDesignResolutionToVir2Vcs",
            "entry"
        ],
        [
            0.73513293266296387,
            0.27679100000000001,
            0.058201000000000003,
            237676,
            237680,
            1586148888.280051,
            16719559540384160,
            "doUptoVir2VcsNoSepCleanup",
            "entry"
        ],
        [
            1.3979389667510986,
            0.64422000000000001,
            0.10720300000000001,
            249624,
            249644,
            1586148888.942857,
            16719561129345789,
            "doUptoVir2VcsNoSepCleanup",
            "exit"
        ],
        [
            1.3981349468231201,
            0.64439000000000002,
            0.10723100000000001,
            249624,
            249644,
            1586148888.943053,
            16719561129706287,
            "doRadify_vir2vcsAll",
            "entry"
        ],
        [
            1.4268300533294678,
            0.66694399999999998,
            0.11099000000000001,
            249624,
            249644,
            1586148888.9717481,
            16719561198542012,
            "doRadify_vir2vcsAll",
            "exit"
        ],
        [
            1.4269008636474609,
            0.66700700000000002,
            0.111001,
            249624,
            249644,
            1586148888.9718189,
            16719561198647324,
            "doPostDesignResolutionToVir2Vcs",
            "exit"
        ],
        [
            1.4269418716430664,
            0.66704200000000002,
            0.11100699999999999,
            249624,
            249644,
            1586148888.9718599,
            16719561198740544,
            "doGAToPass2",
            "entry"
        ],
        [
            1.5115640163421631,
            0.670906,
            0.115327,
            247808,
            249644,
            1586148889.0564821,
            16719561401707908,
            "DoPass2",
            "entry"
        ],
        [
            2.7931969165802002,
            1.325005,
            0.16687399999999999,
            250408,
            250436,
            1586148890.338115,
            16719564474068502,
            "DoPass2",
            "exit"
        ]
    ],
    "CurCompileUdps": {},
    "PrevCompiledModules": {
        "_vcs_unit__290113254": {
            "Ecurt_d": {
                "archive": "archive.9/_24445_archive_1.a",
                "bytes": 52596,
                "mod": "_vcs_unit__290113254",
                "checksum": 0,
                "mode": 4,
                "out": "Ecurt_d.o"
            }
        },
        "branch": {
            "xK44C_d": {
                "archive": "archive.9/_24445_archive_1.a",
                "bytes": 19682,
                "mod": "branch",
                "checksum": 0,
                "mode": 4,
                "out": "xK44C_d.o"
            }
        },
        "rs_sq": {
            "P37IF_d": {
                "archive": "archive.9/_24445_archive_1.a",
                "bytes": 31918,
                "mod": "rs_sq",
                "checksum": 0,
                "mode": 4,
                "out": "P37IF_d.o"
            }
        },
        "psel_gen_0000": {
            "JbTwf_d": {
                "archive": "archive.9/_24445_archive_1.a",
                "bytes": 39164,
                "mod": "psel_gen_0000",
                "checksum": 0,
                "mode": 4,
                "out": "JbTwf_d.o"
            }
        },
        "cdb": {
            "JqSQt_d": {
                "archive": "archive.9/_24445_archive_1.a",
                "bytes": 88264,
                "mod": "cdb",
                "checksum": 0,
                "mode": 4,
                "out": "JqSQt_d.o"
            }
        },
        "psel_gen_0001": {
            "hid7S_d": {
                "archive": "archive.9/_24445_archive_1.a",
                "bytes": 24772,
                "mod": "psel_gen_0001",
                "checksum": 0,
                "mode": 4,
                "out": "hid7S_d.o"
            }
        },
        "mult_stage": {
            "aUVMg_d": {
                "archive": "archive.9/_24445_archive_1.a",
                "bytes": 17750,
                "mod": "mult_stage",
                "checksum": 0,
                "mode": 4,
                "out": "aUVMg_d.o"
            }
        },
        "rs_branch": {
            "GLZxm_d": {
                "archive": "archive.9/_24445_archive_1.a",
                "bytes": 33058,
                "mod": "rs_branch",
                "checksum": 0,
                "mode": 4,
                "out": "GLZxm_d.o"
            }
        },
        "mem": {
            "FSbWZ_d": {
                "archive": "archive.9/_24445_archive_1.a",
                "bytes": 41900,
                "mod": "mem",
                "checksum": 0,
                "mode": 4,
                "out": "FSbWZ_d.o"
            }
        },
        "proc_testbench": {
            "pBHdv_d": {
                "archive": "archive.9/_24445_archive_1.a",
                "bytes": 572500,
                "mod": "proc_testbench",
                "checksum": 0,
                "mode": 4,
                "out": "pBHdv_d.o"
            }
        },
        "rs_lb": {
            "rRvxP_d": {
                "archive": "archive.9/_24445_archive_1.a",
                "bytes": 29634,
                "mod": "rs_lb",
                "checksum": 0,
                "mode": 4,
                "out": "rRvxP_d.o"
            }
        },
        "std": {
            "reYIK_d": {
                "archive": "archive.9/_24445_archive_1.a",
                "bytes": 34314,
                "mod": "std",
                "checksum": 0,
                "mode": 4,
                "out": "reYIK_d.o"
            }
        },
        "load_store_queue": {
            "riAUb_d": {
                "archive": "archive.9/_24445_archive_1.a",
                "bytes": 116310,
                "mod": "load_store_queue",
                "checksum": 0,
                "mode": 4,
                "out": "riAUb_d.o"
            }
        },
        "dcache": {
            "W975R_d": {
                "archive": "archive.9/_24445_archive_1.a",
                "bytes": 123194,
                "mod": "dcache",
                "checksum": 0,
                "mode": 4,
                "out": "W975R_d.o"
            }
        },
        "...MASTER...": {
            "amcQw_d": {
                "bytes": 8022,
                "mod": "...MASTER...",
                "checksum": 0,
                "mode": 4,
                "out": "objs/amcQw_d.o"
            }
        }
    },
    "CompileStrategy": "fullobj",
    "PEModules": [],
    "MlibObjs": {},
    "NameTable": {
        "_vcs_unit__290113254": [
            "_vcs_unit__290113254",
            "Ecurt",
            "module",
            1
        ],
        "psel_gen_0001": [
            "psel_gen_0001",
            "hid7S",
            "module",
            10
        ],