{
    "stat": {
        "ru_self_cgstart": {
            "ru_nvcsw": 273,
            "ru_utime_sec": 0.588287,
            "ru_stime_sec": 0.124998,
            "ru_maxrss_kb": 79228,
            "ru_minflt": 31828,
            "ru_majflt": 9,
            "ru_nivcsw": 21
        },
        "ru_childs_cgstart": {
            "ru_nvcsw": 29,
            "ru_utime_sec": 0.018262,
            "ru_stime_sec": 0.033521000000000002,
            "ru_maxrss_kb": 25352,
            "ru_minflt": 7541,
            "ru_majflt": 4,
            "ru_nivcsw": 11
        },
        "cpu_cycles_cgstart": 16936081640233960,
        "nMops": 101104,
        "CodeGen(%)": 47.95920468526657,
        "nQuads": 31509,
        "Frontend(%)": 52.04079531473343,
        "outputSizePerQuad": 44.063156558443616,
        "ru_childs_end": {
            "ru_nvcsw": 29,
            "ru_utime_sec": 0.018262,
            "ru_stime_sec": 0.033521000000000002,
            "ru_maxrss_kb": 25352,
            "ru_minflt": 7541,
            "ru_majflt": 4,
            "ru_nivcsw": 11
        },
        "totalObjSize": 1388386,
        "ru_self_end": {
            "ru_nvcsw": 588,
            "ru_utime_sec": 1.1472640000000001,
            "ru_stime_sec": 0.21909500000000001,
            "ru_maxrss_kb": 94144,
            "ru_minflt": 38432,
            "ru_majflt": 19,
            "ru_nivcsw": 42
        },
        "cpu_cycles_end": 16936083826806336,
        "peak_mem_kb": 250256,
        "cpu_cycles_total": 4712370318,
        "mopSpeed": 180873.27385563269,
        "mop/quad": 3.208734012504364,
        "quadSpeed": 56369.045595793737,
        "realTime": 2.0114741325378418
    },
    "perf": [
        [
            0.21645307540893555,
            0.059694999999999998,
            0.043506999999999997,
            228548,
            229348,
            1586239209.398464,
            16936079524083190,
            "doParsingAndDesignResolution",
            "entry"
        ],
        [
            0.36260199546813965,
            0.15087500000000001,
            0.054315000000000002,
            232364,
            233012,
            1586239209.5446129,
            16936079874396136,
            "doParsingAndDesignResolution",
            "exit"
        ],
        [
            0.38979601860046387,
            0.159025,
            0.058375999999999997,
            232364,
            233012,
            1586239209.5718069,
            16936079939599359,
            "doPostDesignResolutionToVir2Vcs",
            "entry"
        ],
        [
            0.50750303268432617,
            0.23844000000000001,
            0.064660999999999996,
            237640,
            237644,
            1586239209.6895139,
            16936080221748438,
            "doUptoVir2VcsNoSepCleanup",
            "entry"
        ],
        [
            1.0153281688690186,
            0.57109500000000002,
            0.112821,
            249504,
            249516,
            1586239210.1973391,
            16936081439151870,
            "doUptoVir2VcsNoSepCleanup",
            "exit"
        ],
        [
            1.0155072212219238,
            0.57124600000000003,
            0.11285100000000001,
            249504,
            249516,
            1586239210.1975181,
            16936081439530827,
            "doRadify_vir2vcsAll",
            "entry"
        ],
        [
            1.0385560989379883,
            0.58672899999999995,
            0.11854099999999999,
            249504,
            249516,
            1586239210.220567,
            16936081494818246,
            "doRadify_vir2vcsAll",
            "exit"
        ],
        [
            1.0386240482330322,
            0.58672899999999995,
            0.11860999999999999,
            249504,
            249516,
            1586239210.2206349,
            16936081494924128,
            "doPostDesignResolutionToVir2Vcs",
            "exit"
        ],
        [
            1.0386731624603271,
            0.58672899999999995,
            0.118659,
            249504,
            249516,
            1586239210.2206841,
            16936081495034734,
            "doGAToPass2",
            "entry"
        ],
        [
            1.0991320610046387,
            0.58817900000000001,
            0.124975,
            247688,
            249516,
            1586239210.281143,
            16936081640035522,
            "DoPass2",
            "entry"
        ],
        [
            1.9005100727081299,
            1.1427780000000001,
            0.17718999999999999,
            250228,
            250256,
            1586239211.082521,
            16936083561337436,
            "DoPass2",
            "exit"
        ]
    ],
    "cycles_program_begin": 16936079114436018,
    "MlibObjs": {},
    "rlimit": {
        "data": -1,
        "stack": -1
    },
    "NameTable": {
        "_vcs_unit__290113254": [
            "_vcs_unit__290113254",
            "Ecurt",
            "module",
            1
        ],
        "mem": [
            "mem",
            "FSbWZ",
            "module",
            3
        ],
        "std": [
            "std",
            "reYIK",
            "module",
            2
        ],
        "proc_testbench": [
            "proc_testbench",
            "pBHdv",
            "module",
            4
        ],
        "mult_stage": [
            "mult_stage",
            "aUVMg",
            "module",
            14
        ],
        "branch": [
            "branch",
            "xK44C",
            "module",
            5
        ],
        "rs_lb": [
            "rs_lb",
            "rRvxP",
            "module",
            12
        ],
        "cdb": [
            "cdb",
            "JqSQt",
            "module",
            6
        ],
        "load_store_queue": [
            "load_store_queue",
            "riAUb",
            "module",
            8
        ],
        "rs_branch": [
            "rs_branch",
            "GLZxm",
            "module",
            11
        ],
        "dcache": [
            "dcache",
            "W975R",
            "module",
            7
        ],
        "psel_gen_0000": [
            "psel_gen_0000",
            "JbTwf",
            "module",
            9
        ],
        "psel_gen_0001": [
            "psel_gen_0001",
            "hid7S",
            "module",
            10
        ],
        "rs_sq": [
            "rs_sq",
            "P37IF",
            "module",
            13
        ],
        "...MASTER...": [
            "SIM",
            "amcQw",
            "module",
            15
        ]
    },
    "CompileStrategy": "fullobj",
    "PrevCompiledModules": {},
    "cpu_cycles_pass2_start": 16936081640070646,
    "PEModules": [],
    "CurCompileUdps": {},
    "SIMBData": {
        "text": 0,
        "out": "amcQwB.o",
        "bytes": 150628,
        "archive": "archive.0/_21171_archive_1.a"
    },
    "incremental": "on",
    "CurCompileModules": [
        "...MASTER...",
        "...MASTER...",
        "_vcs_unit__290113254",
        "_vcs_unit__290113254",
        "std",
        "std",
        "mem",
        "mem",
        "proc_testbench",
        "proc_testbench",
        "branch",
        "branch",
        "cdb",
        "cdb",
        "dcache",
        "dcache",
        "load_store_queue",
        "load_store_queue",
        "psel_gen_0000",
        "psel_gen_0000",
        "psel_gen_0001",
        "psel_gen_0001",
        "rs_branch",
        "rs_branch",
        "rs_lb",
        "rs_lb",
        "rs_sq",
        "rs_sq",
        "mult_stage",
        "mult_stage"
    ],
    "LVLData": [
        "SIM"
    ],
    "CompileProcesses": [
        "cgproc.21171.json"
    ],
    "Misc": {
        "default_output_dir": "csrc",
        "vcs_version": "N-2017.12-SP2-1_Full64",
        "cwd": "/afs/umich.edu/user/s/h/shiyuliu/Desktop/group8w20",
        "daidir": "/afs/umich.edu/user/s/h/shiyuliu/Desktop/group8w20/simv.daidir",