{
    "CompileStrategy": "fullobj",
    "PEModules": [],
    "cycles_program_begin": 16713292709429526,
    "perf": [
        [
            0.17676115036010742,
            0.065578999999999998,
            0.054649000000000003,
            228700,
            229348,
            1586146274.2195721,
            16713293049328418,
            "doParsingAndDesignResolution",
            "entry"
        ],
        [
            0.32962298393249512,
            0.170095,
            0.064656000000000005,
            232364,
            233012,
            1586146274.3724339,
            16713293415763482,
            "doParsingAndDesignResolution",
            "exit"
        ],
        [
            0.39680004119873047,
            0.17874399999999999,
            0.068517999999999996,
            232364,
            233012,
            1586146274.439611,
            16713293576777571,
            "doPostDesignResolutionToVir2Vcs",
            "entry"
        ],
        [
            0.610260009765625,
            0.27313199999999999,
            0.080037999999999998,
            237676,
            237680,
            1586146274.6530709,
            16713294088454313,
            "doUptoVir2VcsNoSepCleanup",
            "entry"
        ],
        [
            1.2501561641693115,
            0.64659800000000001,
            0.12851599999999999,
            249624,
            249644,
            1586146275.2929671,
            16713295622434882,
            "doUptoVir2VcsNoSepCleanup",
            "exit"
        ],
        [
            1.2503280639648438,
            0.64674299999999996,
            0.12854499999999999,
            249624,
            249644,
            1586146275.293139,
            16713295622781224,
            "doRadify_vir2vcsAll",
            "entry"
        ],
        [
            1.3149220943450928,
            0.66971000000000003,
            0.13353999999999999,
            249624,
            249644,
            1586146275.357733,
            16713295777710027,
            "doRadify_vir2vcsAll",
            "exit"
        ],
        [
            1.3150050640106201,
            0.66978099999999996,
            0.13355400000000001,
            249624,
            249644,
            1586146275.357816,
            16713295777832514,
            "doPostDesignResolutionToVir2Vcs",
            "exit"
        ],
        [
            1.3150529861450195,
            0.669821,
            0.13356199999999999,
            249624,
            249644,
            1586146275.3578639,
            16713295777940469,
            "doGAToPass2",
            "entry"
        ],
        [
            1.3902981281280518,
            0.67159500000000005,
            0.14033300000000001,
            247808,
            249644,
            1586146275.433109,
            16713295958400690,
            "DoPass2",
            "entry"
        ],
        [
            2.0194971561431885,
            1.0670250000000001,
            0.18151400000000001,
            249780,
            249808,
            1586146276.0623081,
            16713297466958468,
            "DoPass2",
            "exit"
        ]
    ],
    "Misc": {
        "master_pid": 9413,
        "vcs_version": "N-2017.12-SP2-1_Full64",
        "daidir": "/afs/umich.edu/user/s/h/shiyuliu/Desktop/group8w20/simv.daidir",
        "daidir_abs": "/afs/umich.edu/user/s/h/shiyuliu/Desktop/group8w20/simv.daidir",
        "vcs_build_date": "Build Date = Jul 14 2018 20:29:59",
        "cwd": "/afs/umich.edu/user/s/h/shiyuliu/Desktop/group8w20",
        "VCS_HOME": "/usr/caen/vcs-2017.12-SP2-1",
        "default_output_dir": "csrc",
        "csrc": "csrc",
        "csrc_abs": "/afs/umich.edu/user/s/h/shiyuliu/Desktop/group8w20/csrc",
        "archive_dir": "archive.7"
    },
    "MlibObjs": {},
    "CompileProcesses": [
        "cgproc.9413.json"
    ],
    "PrevCompiledModules": {
        "proc_testbench": {
            "pBHdv_d": {
                "archive": "archive.7/_9413_archive_1.a",
                "mode": 4,
                "bytes": 573614,
                "mod": "proc_testbench",
                "checksum": 0,
                "out": "pBHdv_d.o"
            }
        },
        "_vcs_unit__290113254": {
            "Ecurt_d": {
                "archive": "archive.7/_prev_archive_1.a",
                "mode": 4,
                "bytes": 52596,
                "mod": "_vcs_unit__290113254",
                "checksum": 0,
                "out": "Ecurt_d.o"
            }
        },
        "branch": {
            "xK44C_d": {
                "archive": "archive.7/_prev_archive_1.a",
                "mode": 4,
                "bytes": 19682,
                "mod": "branch",
                "checksum": 0,
                "out": "xK44C_d.o"
            }
        },
        "rs_branch": {
            "GLZxm_d": {
                "archive": "archive.7/_prev_archive_1.a",
                "mode": 4,
                "bytes": 33058,
                "mod": "rs_branch",
                "checksum": 0,
                "out": "GLZxm_d.o"
            }
        },
        "rs_sq": {
            "P37IF_d": {
                "archive": "archive.7/_prev_archive_1.a",
                "mode": 4,
                "bytes": 31918,
                "mod": "rs_sq",
                "checksum": 0,
                "out": "P37IF_d.o"
            }
        },
        "psel_gen_0000": {
            "JbTwf_d": {
                "archive": "archive.7/_prev_archive_1.a",
                "mode": 4,
                "bytes": 39164,
                "mod": "psel_gen_0000",
                "checksum": 0,
                "out": "JbTwf_d.o"
            }
        },
        "std": {
            "reYIK_d": {
                "archive": "archive.7/_prev_archive_1.a",
                "mode": 4,
                "bytes": 34314,
                "mod": "std",
                "checksum": 0,
                "out": "reYIK_d.o"
            }
        },
        "psel_gen_0001": {
            "hid7S_d": {
                "archive": "archive.7/_prev_archive_1.a",
                "mode": 4,
                "bytes": 24772,
                "mod": "psel_gen_0001",
                "checksum": 0,
                "out": "hid7S_d.o"
            }
        },
        "mult_stage": {
            "aUVMg_d": {
                "archive": "archive.7/_prev_archive_1.a",
                "mode": 4,
                "bytes": 17750,
                "mod": "mult_stage",
                "checksum": 0,
                "out": "aUVMg_d.o"
            }
        },
        "...MASTER...": {
            "amcQw_d": {
                "mode": 4,
                "bytes": 8022,
                "mod": "...MASTER...",
                "checksum": 0,
                "out": "objs/amcQw_d.o"
            }
        },
        "dcache": {
            "W975R_d": {
                "archive": "archive.7/_prev_archive_1.a",
                "mode": 4,
                "bytes": 123194,
                "mod": "dcache",
                "checksum": 0,
                "out": "W975R_d.o"
            }
        },
        "rs_lb": {
            "rRvxP_d": {
                "archive": "archive.7/_prev_archive_1.a",
                "mode": 4,
                "bytes": 29634,
                "mod": "rs_lb",
                "checksum": 0,
                "out": "rRvxP_d.o"
            }
        },
        "mem": {
            "FSbWZ_d": {
                "archive": "archive.7/_prev_archive_1.a",
                "mode": 4,
                "bytes": 41900,
                "mod": "mem",
                "checksum": 0,
                "out": "FSbWZ_d.o"
            }
        },
        "load_store_queue": {
            "riAUb_d": {
                "archive": "archive.7/_prev_archive_1.a",
                "mode": 4,
                "bytes": 116310,
                "mod": "load_store_queue",
                "checksum": 0,
                "out": "riAUb_d.o"
            }
        },