{
    "cycles_program_begin": 5214263872702566,
    "perf": [
        [
            0.20247483253479004,
            0.055320000000000001,
            0.042195999999999997,
            228548,
            229348,
            1586740945.3755219,
            5214264261328994,
            "doParsingAndDesignResolution",
            "entry"
        ],
        [
            0.39964103698730469,
            0.15443000000000001,
            0.050139000000000003,
            232656,
            233304,
            1586740945.5726881,
            5214264694045488,
            "doParsingAndDesignResolution",
            "exit"
        ],
        [
            0.42454195022583008,
            0.16308500000000001,
            0.054028,
            232656,
            233304,
            1586740945.597589,
            5214264748711636,
            "doPostDesignResolutionToVir2Vcs",
            "entry"
        ],
        [
            0.64859986305236816,
            0.259961,
            0.068988999999999995,
            237968,
            237972,
            1586740945.8216469,
            5214265240455578,
            "doUptoVir2VcsNoSepCleanup",
            "entry"
        ],
        [
            1.5396039485931396,
            0.66043600000000002,
            0.124082,
            249836,
            249856,
            1586740946.712651,
            5214267196087838,
            "doUptoVir2VcsNoSepCleanup",
            "exit"
        ],
        [
            1.5397520065307617,
            0.66056300000000001,
            0.12410499999999999,
            249836,
            249856,
            1586740946.7127991,
            5214267196329982,
            "doRadify_vir2vcsAll",
            "entry"
        ],
        [
            1.5658519268035889,
            0.68472100000000002,
            0.12413,
            249836,
            249856,
            1586740946.738899,
            5214267253707250,
            "doRadify_vir2vcsAll",
            "exit"
        ],
        [
            1.5659480094909668,
            0.68480399999999997,
            0.12414500000000001,
            249836,
            249856,
            1586740946.7389951,
            5214267253821980,
            "doPostDesignResolutionToVir2Vcs",
            "exit"
        ],
        [
            1.5659959316253662,
            0.68484400000000001,
            0.124153,
            249836,
            249856,
            1586740946.739043,
            5214267253918872,
            "doGAToPass2",
            "entry"
        ],
        [
            1.6605539321899414,
            0.68668099999999999,
            0.130749,
            248020,
            249856,
            1586740946.833601,
            5214267461535778,
            "DoPass2",
            "entry"
        ],
        [
            3.0894958972930908,
            1.327609,
            0.18951499999999999,
            249988,
            250016,
            1586740948.262543,
            5214270597821208,
            "DoPass2",
            "exit"
        ]
    ],
    "Misc": {
        "archive_dir": "archive.0",
        "vcs_version": "N-2017.12-SP2-1_Full64",
        "VCS_HOME": "/usr/caen/vcs-2017.12-SP2-1",
        "daidir": "/afs/umich.edu/user/s/h/shiyuliu/Desktop/group8w20/simv.daidir",
        "vcs_build_date": "Build Date = Jul 14 2018 20:29:59",
        "csrc": "csrc",
        "master_pid": 25477,
        "cwd": "/afs/umich.edu/user/s/h/shiyuliu/Desktop/group8w20",
        "default_output_dir": "csrc",
        "csrc_abs": "/afs/umich.edu/user/s/h/shiyuliu/Desktop/group8w20/csrc",
        "daidir_abs": "/afs/umich.edu/user/s/h/shiyuliu/Desktop/group8w20/simv.daidir"
    },
    "PrevCompiledModules": {},
    "SIMBData": {
        "out": "amcQwB.o",
        "text": 0,
        "bytes": 134286,
        "archive": "archive.0/_25477_archive_1.a"
    },
    "CurCompileModules": [
        "...MASTER...",
        "...MASTER...",
        "_vcs_unit__3765310394",
        "_vcs_unit__3765310394",
        "std",
        "std",
        "mem",
        "mem",
        "proc_testbench",
        "proc_testbench",
        "branch",
        "branch",
        "cdb",
        "cdb",
        "dcache",
        "dcache",
        "load_store_queue",
        "load_store_queue",
        "psel_gen_0000",
        "psel_gen_0000",
        "psel_gen_0001",
        "psel_gen_0001",
        "rs_branch",
        "rs_branch",
        "rs_lb",
        "rs_lb",
        "rs_sq",
        "rs_sq",
        "mult_stage",
        "mult_stage"
    ],
    "CompileProcesses": [
        "cgproc.25477.json"
    ],
    "CompileStatus": "Successful",
    "MlibObjs": {},
    "NameTable": {
        "_vcs_unit__3765310394": [
            "_vcs_unit__3765310394",
            "qgb0C",
            "module",
            1
        ],
        "std": [
            "std",
            "reYIK",
            "module",
            2
        ],
        "mem": [
            "mem",
            "FSbWZ",
            "module",
            3
        ],
        "...MASTER...": [
            "SIM",
            "amcQw",
            "module",
            15
        ],
        "rs_lb": [
            "rs_lb",
            "rRvxP",
            "module",
            12
        ],
        "proc_testbench": [
            "proc_testbench",
            "pBHdv",
            "module",
            4
        ],
        "branch": [
            "branch",
            "xK44C",
            "module",
            5
        ],
        "cdb": [
            "cdb",
            "JqSQt",
            "module",
            6
        ],
        "rs_sq": [
            "rs_sq",
            "P37IF",
            "module",
            13
        ],
        "dcache": [
            "dcache",
            "W975R",
            "module",
            7
        ],
        "rs_branch": [
            "rs_branch",
            "GLZxm",
            "module",
            11
        ],
        "load_store_queue": [
            "load_store_queue",
            "riAUb",
            "module",
            8
        ],
        "psel_gen_0000": [
            "psel_gen_0000",
            "JbTwf",
            "module",
            9
        ],
        "psel_gen_0001": [
            "psel_gen_0001",
            "hid7S",
            "module",
            10
        ],
        "mult_stage": [
            "mult_stage",
            "aUVMg",
            "module",
            14
        ]
    },
    "CompileStrategy": "fullobj",
    "stat": {
        "nQuads": 32869,
        "ru_self_cgstart": {
            "ru_utime_sec": 0.68679699999999999,
            "ru_stime_sec": 0.130771,
            "ru_majflt": 0,
            "ru_maxrss_kb": 79668,
            "ru_minflt": 30146,
            "ru_nvcsw": 386,
            "ru_nivcsw": 140
        },
        "ru_childs_end": {
            "ru_utime_sec": 0.024625999999999999,
            "ru_stime_sec": 0.030284999999999999,
            "ru_majflt": 1,
            "ru_maxrss_kb": 25768,
            "ru_minflt": 6977,
            "ru_nvcsw": 22,
            "ru_nivcsw": 17
        },
        "ru_self_end": {
            "ru_utime_sec": 1.334605,
            "ru_stime_sec": 0.23493,
            "ru_majflt": 0,
            "ru_maxrss_kb": 94032,
            "ru_minflt": 36694,
            "ru_nvcsw": 624,
            "ru_nivcsw": 285
        },
        "ru_childs_cgstart": {
            "ru_utime_sec": 0.024625999999999999,
            "ru_stime_sec": 0.030284999999999999,
            "ru_majflt": 1,
            "ru_maxrss_kb": 25768,
            "ru_minflt": 6977,
            "ru_nvcsw": 22,
            "ru_nivcsw": 17
        },
        "cpu_cycles_cgstart": 5214267461722106,
        "nMops": 105270,
        "totalObjSize": 1387212,
        "cpu_cycles_total": 7014669228,
        "quadSpeed": 50738.799150365536,
        "cpu_cycles_end": 5214270887371794,
        "mopSpeed": 162501.8524007113,
        "mop/quad": 3.202713803279686,
        "outputSizePerQuad": 42.204265417262469,