{
    "stat": {
        "ru_childs_end": {
            "ru_majflt": 0,
            "ru_utime_sec": 0.024083,
            "ru_nivcsw": 11,
            "ru_stime_sec": 0.028296000000000002,
            "ru_maxrss_kb": 27192,
            "ru_minflt": 7571,
            "ru_nvcsw": 24
        },
        "ru_self_cgstart": {
            "ru_majflt": 0,
            "ru_utime_sec": 0.63763400000000003,
            "ru_nivcsw": 33,
            "ru_stime_sec": 0.104555,
            "ru_maxrss_kb": 80688,
            "ru_minflt": 29729,
            "ru_nvcsw": 257
        },
        "nQuads": 31058,
        "ru_childs_cgstart": {
            "ru_majflt": 0,
            "ru_utime_sec": 0.024083,
            "ru_nivcsw": 9,
            "ru_stime_sec": 0.024458000000000001,
            "ru_maxrss_kb": 26796,
            "ru_minflt": 6977,
            "ru_nvcsw": 22
        },
        "cpu_cycles_end": 3640134800107494,
        "CodeGen(%)": 39.751016112114691,
        "cpu_cycles_cgstart": 3640133289449682,
        "totalObjSize": 933938,
        "mop/quad": 3.174319016034516,
        "nMops": 98588,
        "ru_self_end": {
            "ru_majflt": 0,
            "ru_utime_sec": 1.0742210000000001,
            "ru_nivcsw": 49,
            "ru_stime_sec": 0.159776,
            "ru_maxrss_kb": 94096,
            "ru_minflt": 35907,
            "ru_nvcsw": 452
        },
        "cpu_cycles_total": 3790410376,
        "mopSpeed": 225815.24415523128,
        "quadSpeed": 71138.169482829282,
        "outputSizePerQuad": 30.070770815892846,
        "Frontend(%)": 60.248983887885316,
        "peak_mem_kb": 249648,
        "realTime": 1.7548680305480957
    },
    "cycles_program_begin": 3640131009697118,
    "CurCompileUdps": {},
    "NameTable": {
        "rs_sq": [
            "rs_sq",
            "P37IF",
            "module",
            384
        ],
        "_vcs_unit__290113254": [
            "_vcs_unit__290113254",
            "Ecurt",
            "module",
            9
        ],
        "std": [
            "std",
            "reYIK",
            "module",
            2
        ],
        "dcache": [
            "dcache",
            "W975R",
            "module",
            6
        ],
        "mem": [
            "mem",
            "FSbWZ",
            "module",
            3
        ],
        "cdb": [
            "cdb",
            "JqSQt",
            "module",
            7
        ],
        "proc_testbench": [
            "proc_testbench",
            "pBHdv",
            "module",
            4
        ],
        "branch": [
            "branch",
            "xK44C",
            "module",
            8
        ],
        "load_store_queue": [
            "load_store_queue",
            "riAUb",
            "module",
            5
        ],
        "rs_branch": [
            "rs_branch",
            "GLZxm",
            "module",
            383
        ],
        "psel_gen_0000": [
            "psel_gen_0000",
            "JbTwf",
            "module",
            1
        ],
        "psel_gen_0001": [
            "psel_gen_0001",
            "hid7S",
            "module",
            382
        ],
        "mult_stage": [
            "mult_stage",
            "aUVMg",
            "module",
            385
        ],
        "...MASTER...": [
            "SIM",
            "amcQw",
            "module",
            10
        ]
    },
    "perf": [
        [
            0.16185784339904785,
            0.075271000000000005,
            0.038626000000000001,
            228700,
            229348,
            1586032251.1530149,
            3640131304050784,
            "doParsingAndDesignResolution",
            "entry"
        ],
        [
            0.30415797233581543,
            0.16404199999999999,
            0.051698000000000001,
            232328,
            232976,
            1586032251.295315,
            3640131616380630,
            "doParsingAndDesignResolution",
            "exit"
        ],
        [
            0.32648086547851562,
            0.17316000000000001,
            0.054733999999999998,
            232328,
            232976,
            1586032251.3176379,
            3640131665390794,
            "doPostDesignResolutionToVir2Vcs",
            "entry"
        ],
        [
            0.49358606338500977,
            0.26161899999999999,
            0.061908999999999999,
            237592,
            237596,
            1586032251.4847431,
            3640132032114656,
            "doUptoVir2VcsNoSepCleanup",
            "entry"
        ],
        [
            0.98284697532653809,
            0.61399700000000001,
            0.097635,
            249464,
            249484,
            1586032251.974004,
            3640133105988014,
            "doUptoVir2VcsNoSepCleanup",
            "exit"
        ],
        [
            0.98305487632751465,
            0.614178,
            0.097664000000000001,
            249464,
            249484,
            1586032251.9742119,
            3640133106372984,
            "doRadify_vir2vcsAll",
            "entry"
        ],
        [
            1.0082728862762451,
            0.636324,
            0.098669999999999994,
            249464,
            249484,
            1586032251.9994299,
            3640133161774538,
            "doRadify_vir2vcsAll",
            "exit"
        ],
        [
            1.0083489418029785,
            0.63639100000000004,
            0.098680000000000004,
            249464,
            249484,
            1586032251.999506,
            3640133161883792,
            "doPostDesignResolutionToVir2Vcs",
            "exit"
        ],
        [
            1.0083968639373779,
            0.63643300000000003,
            0.098686999999999997,
            249464,
            249484,
            1586032251.9995539,
            3640133161985200,
            "doGAToPass2",
            "entry"
        ],
        [
            1.0662510395050049,
            0.63738700000000004,
            0.104555,
            247648,
            249484,
            1586032252.0574081,
            3640133289238016,
            "DoPass2",
            "entry"
        ],
        [
            1.6792159080505371,
            1.0682910000000001,
            0.12839500000000001,
            249620,
            249648,
            1586032252.670373,
            3640134634545288,
            "DoPass2",
            "exit"
        ]
    ],
    "MlibObjs": {},
    "PrevCompiledModules": {
        "dcache": {
            "W975R_d": {
                "bytes": 112338,
                "archive": "archive.12/_prev_archive_1.a",
                "mod": "dcache",
                "out": "W975R_d.o",
                "mode": 4,
                "checksum": 0
            }
        },
        "rs_sq": {
            "P37IF_d": {
                "bytes": 31918,
                "archive": "archive.12/_prev_archive_1.a",
                "mod": "rs_sq",
                "mode": 4,
                "checksum": 0,
                "out": "P37IF_d.o"
            }
        },
        "_vcs_unit__290113254": {
            "Ecurt_d": {
                "bytes": 53100,
                "archive": "archive.12/_28804_archive_1.a",
                "mod": "_vcs_unit__290113254",
                "out": "Ecurt_d.o",
                "mode": 4,
                "checksum": 0
            }
        },
        "std": {
            "reYIK_d": {
                "bytes": 34314,
                "archive": "archive.12/_prev_archive_1.a",
                "mod": "std",
                "mode": 4,
                "checksum": 0,
                "out": "reYIK_d.o"
            }
        },
        "load_store_queue": {
            "riAUb_d": {
                "bytes": 117072,
                "archive": "archive.12/_prev_archive_1.a",
                "mod": "load_store_queue",
                "out": "riAUb_d.o",
                "mode": 4,
                "checksum": 0
            }
        },