{
    "Modules": {
        "mem": {
            "start_perf": [
                1.372913122177124,
                0.64428700000000005,
                0.110391,
                247676,
                249484,
                1586049009.3668971,
                3676912886054334
            ],
            "nRouts": 83,
            "child_modules": {},
            "Compiled": "Yes",
            "nQuads": 1171,
            "end_perf": [
                1.383491039276123,
                0.651783,
                0.11248,
                247676,
                249484,
                3676912909296540,
                12884901889,
                0
            ],
            "Compiled Times": 2,
            "nMops": 3239
        },
        "...MASTER...": {
            "start_perf": [
                1.3203940391540527,
                0.63795800000000003,
                0.102475,
                247648,
                249484,
                1586049009.314378,
                3676912770804308
            ],
            "nRouts": 5,
            "child_modules": {
                "_vcs_unit__290113254": 1,
                "std": 1,
                "proc_testbench": 1
            },
            "nQuads": 0,
            "end_perf": [
                1.3327851295471191,
                0.64067200000000002,
                0.105439,
                247660,
                249484,
                3676912798019948,
                0,
                0
            ],
            "nMops": 0
        },
        "rs_sq": {
            "start_perf": [
                1.6793639659881592,
                0.88083999999999996,
                0.124434,
                250352,
                250356,
                1586049009.6733479,
                3676913558664948
            ],
            "nRouts": 86,
            "child_modules": {
                "psel_gen_0001": 1
            },
            "Compiled": "Yes",
            "nQuads": 877,
            "end_perf": [
                1.6853809356689453,
                0.88685400000000003,
                0.124434,
                250352,
                250356,
                3676913571903868,
                133143986177,
                0
            ],
            "Compiled Times": 2,
            "nMops": 2290
        },
        "_vcs_unit__290113254": {
            "start_perf": [
                1.3329589366912842,
                0.640822,
                0.105464,
                247660,
                249484,
                1586049009.3269429,
                3676912798375266
            ],
            "nRouts": 10,
            "child_modules": {},
            "Compiled": "Yes",
            "nQuads": 17,
            "end_perf": [
                1.3692269325256348,
                0.64255899999999999,
                0.108431,
                247676,
                249484,
                3676912878043834,
                4294967297,
                0
            ],
            "Compiled Times": 2,
            "nMops": 11
        },
        "std": {
            "start_perf": [
                1.3693239688873291,
                0.64264299999999996,
                0.108446,
                247676,
                249484,
                1586049009.363308,
                3676912878174744
            ],
            "nRouts": 36,
            "svclass": [
                "$vcs_nba_dyn_obj",
                0,
                37,
                2,
                2,
                0,
                "sigprop$$",
                0,
                37,
                2,
                2,
                0,
                "process",
                0,
                184,
                8,
                8,
                0,
                "event",
                0,
                36,
                2,
                2,
                0,
                "mailbox",
                0,
                107,
                9,
                9,
                0,
                "semaphore",
                0,
                71,
                5,
                5,
                0
            ],
            "child_modules": {},
            "Compiled": "Yes",
            "Compiled Times": 2,
            "end_perf": [
                1.3728399276733398,
                0.64422400000000002,
                0.11038100000000001,
                247676,
                249484,
                3676912885919890,
                8589934594,
                0
            ],
            "nQuads": 224,
            "nMops": 477
        },
        "proc_testbench": {
            "start_perf": [
                1.383558988571167,
                0.65184200000000003,
                0.11249000000000001,
                247676,
                249484,
                1586049009.377543,
                3676912909414934
            ],
            "nRouts": 1254,
            "child_modules": {
                "branch": 1,
                "psel_gen_0000": 1,
                "load_store_queue": 1,
                "psel_gen_0001": 2,
                "rs_branch": 1,
                "mem": 1,
                "mult_stage": 8,
                "rs_sq": 1,
                "dcache": 1,
                "cdb": 1
            },
            "Compiled": "Yes",
            "nQuads": 16469,
            "end_perf": [
                1.5161280632019043,
                0.75507500000000005,
                0.11547,
                247676,
                249484,
                3676913200451156,
                17179869185,
                0
            ],
            "Compiled Times": 2,
            "nMops": 50652
        },
        "cdb": {
            "start_perf": [
                1.5200810432434082,
                0.75901700000000005,
                0.115483,
                247676,
                249484,
                1586049009.514065,
                3676913209062326
            ],
            "nRouts": 223,
            "child_modules": {},
            "Compiled": "Yes",
            "nQuads": 2901,
            "end_perf": [
                1.5365440845489502,
                0.77444299999999999,
                0.116518,
                247676,
                249484,
                3676913245228262,
                42949672961,
                0
            ],
            "Compiled Times": 2,
            "nMops": 8301
        },
        "branch": {
            "start_perf": [
                1.5162250995635986,
                0.75516099999999997,
                0.115483,
                247676,
                249484,
                1586049009.5102091,
                3676913200609318
            ],
            "nRouts": 38,
            "child_modules": {},
            "Compiled": "Yes",
            "nQuads": 344,
            "end_perf": [
                1.5199940204620361,
                0.75892899999999996,
                0.115483,
                247676,
                249484,
                3676913208940118,
                30064771073,
                0
            ],
            "Compiled Times": 2,
            "nMops": 1093
        },
        "dcache": {
            "start_perf": [
                1.5366179943084717,
                0.77451000000000003,
                0.11652800000000001,
                247676,
                249484,
                1586049009.530602,
                3676913245390128
            ],
            "nRouts": 155,
            "child_modules": {},
            "Compiled": "Yes",
            "nQuads": 2852,
            "end_perf": [
                1.5707030296325684,
                0.79257999999999995,
                0.118385,
                247676,
                249484,
                3676913320214426,
                55834574849,
                0
            ],
            "Compiled Times": 2,
            "nMops": 10864
        },