{
    "Modules": {
        "mem": {
            "start_perf": [
                1.4859910011291504,
                0.67361000000000004,
                0.13059799999999999,
                249624,
                249628,
                1586055639.5629139,
                3691465098931750
            ],
            "Compiled": "Yes",
            "child_modules": {},
            "Compiled Times": 7,
            "nMops": 3239,
            "end_perf": [
                1.4980881214141846,
                0.68351899999999999,
                0.13159699999999999,
                249624,
                249628,
                3691465125546384,
                12884901889,
                0
            ],
            "nQuads": 1171,
            "nRouts": 83
        },
        "...MASTER...": {
            "start_perf": [
                1.4227981567382812,
                0.66673300000000002,
                0.116727,
                247648,
                249484,
                1586055639.4997211,
                3691464960247462
            ],
            "child_modules": {
                "proc_testbench": 1,
                "_vcs_unit__290113254": 1,
                "std": 1
            },
            "nMops": 0,
            "end_perf": [
                1.4378330707550049,
                0.66823200000000005,
                0.122033,
                247660,
                249484,
                3691464993265360,
                0,
                0
            ],
            "nQuads": 0,
            "nRouts": 5
        },
        "_vcs_unit__290113254": {
            "start_perf": [
                1.4380199909210205,
                0.66839000000000004,
                0.122062,
                247660,
                249484,
                1586055639.5149429,
                3691464993644438
            ],
            "Compiled": "Yes",
            "child_modules": {},
            "Compiled Times": 7,
            "nMops": 22,
            "end_perf": [
                1.4819800853729248,
                0.66961199999999999,
                0.13058400000000001,
                249624,
                249624,
                3691465090174016,
                4294967297,
                0
            ],
            "nQuads": 34,
            "nRouts": 10
        },
        "proc_testbench": {
            "start_perf": [
                1.4981791973114014,
                0.68359599999999998,
                0.13161100000000001,
                249624,
                249628,
                1586055639.5751021,
                3691465125682470
            ],
            "Compiled": "Yes",
            "child_modules": {
                "branch": 1,
                "psel_gen_0000": 1,
                "dcache": 1,
                "psel_gen_0001": 2,
                "rs_branch": 1,
                "load_store_queue": 1,
                "mem": 1,
                "cdb": 1,
                "mult_stage": 8,
                "rs_sq": 1
            },
            "Compiled Times": 7,
            "significant_routs": [
                [
                    19,
                    "R_VCSgd_pBHdv_13",
                    53380158,
                    8608,
                    1235
                ],
                [
                    246,
                    "T_VCSgd_pBHdv_9_0",
                    17084046,
                    8359,
                    2311
                ],
                [
                    290,
                    "T_VCSgd_pBHdv_20_0",
                    15769078,
                    7253,
                    2494
                ]
            ],
            "end_perf": [
                1.8542990684509277,
                0.95803300000000002,
                0.15095600000000001,
                249624,
                249648,
                3691465907357980,
                17179869185,
                0
            ],
            "nMops": 61509,
            "nQuads": 19735,
            "nRouts": 1254
        },
        "mult_stage": {
            "start_perf": [
                2.1886122226715088,
                1.1423140000000001,
                0.15711700000000001,
                250328,
                250352,
                1586055640.2655351,
                3691466641071880
            ],
            "Compiled": "Yes",
            "child_modules": {},
            "Compiled Times": 7,
            "nMops": 867,
            "end_perf": [
                2.1917481422424316,
                1.1454489999999999,
                0.15711700000000001,
                250328,
                250352,
                3691466647984842,
                146028888065,
                0
            ],
            "nQuads": 288,
            "nRouts": 53
        },
        "rs_sq": {
            "start_perf": [
                2.1815831661224365,
                1.135286,
                0.15711600000000001,
                250328,
                250352,
                1586055640.2585061,
                3691466625642664
            ],
            "Compiled": "Yes",
            "child_modules": {
                "psel_gen_0001": 1
            },
            "Compiled Times": 7,
            "nMops": 2290,
            "end_perf": [
                2.1885230541229248,
                1.142223,
                0.15711600000000001,
                250328,
                250352,
                3691466640931082,
                133143986177,
                0
            ],
            "nQuads": 877,
            "nRouts": 86
        },
        "cdb": {
            "start_perf": [
                1.8799819946289062,
                0.96155999999999997,
                0.15187700000000001,
                249624,
                249648,
                1586055639.9569049,
                3691465963670026
            ],
            "Compiled": "Yes",
            "child_modules": {},
            "Compiled Times": 7,
            "nMops": 8301,
            "end_perf": [
                1.8969151973724365,
                0.97748299999999999,
                0.15288499999999999,
                249624,
                249648,
                3691466000875820,
                42949672961,
                0
            ],
            "nQuads": 2901,
            "nRouts": 223
        },
        "std": {
            "start_perf": [
                1.4820671081542969,
                0.66968499999999997,
                0.13059799999999999,
                249624,
                249624,
                1586055639.55899,
                3691465090317926
            ],
            "Compiled": "Yes",
            "child_modules": {},
            "Compiled Times": 7,
            "end_perf": [
                1.4859061241149902,
                0.67352400000000001,
                0.13059799999999999,
                249624,
                249628,
                3691465098784822,
                8589934594,
                0
            ],
            "nMops": 477,
            "svclass": [
                "$vcs_nba_dyn_obj",
                0,
                37,
                2,
                2,
                0,
                "sigprop$$",
                0,
                37,
                2,
                2,
                0,
                "process",
                0,
                184,
                8,
                8,
                0,
                "event",
                0,
                36,
                2,
                2,
                0,
                "mailbox",
                0,
                107,
                9,
                9,
                0,
                "semaphore",
                0,
                71,
                5,
                5,
                0
            ],
            "nQuads": 224,
            "nRouts": 36
        },