{
    "Modules": {
        "rs_lb": {
            "start_perf": [
                1.9372580051422119,
                1.048349,
                0.17539299999999999,
                249784,
                249788,
                1586146275.9800689,
                16713297269505741
            ],
            "Compiled": "Yes",
            "child_modules": {
                "psel_gen_0001": 1
            },
            "end_perf": [
                1.9879419803619385,
                1.0534330000000001,
                0.17640700000000001,
                249784,
                249788,
                16713297391054320,
                128849018881,
                0
            ],
            "Compiled Times": 8,
            "nMops": 1970,
            "nQuads": 756,
            "nRouts": 85
        },
        "...MASTER...": {
            "start_perf": [
                1.3906290531158447,
                0.67186900000000005,
                0.14038999999999999,
                247808,
                249644,
                1586146275.43344,
                16713295959142584
            ],
            "child_modules": {
                "proc_testbench": 1,
                "_vcs_unit__290113254": 1,
                "std": 1
            },
            "end_perf": [
                1.4080381393432617,
                0.67450100000000002,
                0.14510700000000001,
                247820,
                249644,
                16713296000889657,
                0,
                0
            ],
            "nMops": 0,
            "nQuads": 0,
            "nRouts": 5
        },
        "dcache": {
            "start_perf": [
                1.8411951065063477,
                0.98434600000000005,
                0.17241100000000001,
                249784,
                249788,
                1586146275.884006,
                16713297039259878
            ],
            "Compiled": "Yes",
            "child_modules": {
                "psel_gen_0001": 1
            },
            "end_perf": [
                1.8934810161590576,
                1.00753,
                0.172433,
                249784,
                249788,
                16713297164649762,
                55834574849,
                0
            ],
            "Compiled Times": 8,
            "nMops": 12110,
            "nQuads": 3124,
            "nRouts": 172
        },
        "_vcs_unit__290113254": {
            "start_perf": [
                1.4082560539245605,
                0.67468099999999998,
                0.145146,
                247820,
                249644,
                1586146275.451067,
                16713296001453918
            ],
            "Compiled": "Yes",
            "child_modules": {},
            "end_perf": [
                1.4253411293029785,
                0.67797099999999999,
                0.147647,
                247836,
                249644,
                16713296042401548,
                4294967297,
                0
            ],
            "Compiled Times": 8,
            "nMops": 11,
            "nQuads": 17,
            "nRouts": 10
        },
        "proc_testbench": {
            "start_perf": [
                1.4416930675506592,
                0.68615599999999999,
                0.15471099999999999,
                247836,
                249644,
                1586146275.484504,
                16713296081531784
            ],
            "child_modules": {
                "branch": 1,
                "psel_gen_0000": 1,
                "rs_sq": 1,
                "rs_branch": 1,
                "psel_gen_0001": 1,
                "mult_stage": 8,
                "dcache": 1,
                "rs_lb": 1,
                "mem": 1,
                "load_store_queue": 1,
                "cdb": 1
            },
            "Compiled": "Yes",
            "end_perf": [
                1.8204081058502197,
                0.96662300000000001,
                0.169459,
                249784,
                249788,
                16713296989486638,
                17179869185,
                0
            ],
            "Compiled Times": 8,
            "significant_routs": [
                [
                    13,
                    "R_VCSgd_pBHdv_d",
                    19948536,
                    10335,
                    1573
                ],
                [
                    244,
                    "T_VCSgd_pBHdv_9_0",
                    82120854,
                    8359,
                    2311
                ],
                [
                    291,
                    "T_VCSgd_pBHdv_20_0",
                    21693594,
                    7253,
                    2494
                ],
                [
                    406,
                    "R_VCSgd_pBHdv_196",
                    22095569,
                    1307,
                    220
                ]
            ],
            "nQuads": 16223,
            "nMops": 49768,
            "nRouts": 1238
        },
        "branch": {
            "start_perf": [
                1.8205130100250244,
                0.96671200000000002,
                0.16947499999999999,
                249784,
                249788,
                1586146275.8633239,
                16713296989658424
            ],
            "Compiled": "Yes",
            "child_modules": {},
            "end_perf": [
                1.8251590728759766,
                0.97031400000000001,
                0.170406,
                249784,
                249788,
                16713297000806232,
                30064771073,
                0
            ],
            "Compiled Times": 8,
            "nMops": 1093,
            "nQuads": 344,
            "nRouts": 38
        },
        "mult_stage": {
            "start_perf": [
                1.9950461387634277,
                1.0605249999999999,
                0.17641999999999999,
                249784,
                249788,
                1586146276.0378571,
                16713297408046398
            ],
            "Compiled": "Yes",
            "child_modules": {},
            "end_perf": [
                1.9983410835266113,
                1.063777,
                0.17646000000000001,
                249784,
                249788,
                16713297415980597,
                146028888065,
                0
            ],
            "Compiled Times": 8,
            "nMops": 867,
            "nQuads": 288,
            "nRouts": 53
        },
        "psel_gen_0001": {
            "start_perf": [
                1.9266011714935303,
                1.0386409999999999,
                0.17444299999999999,
                249784,
                249788,
                1586146275.9694121,
                16713297243956390
            ],
            "Compiled": "Yes",
            "child_modules": {},
            "end_perf": [
                1.9308311939239502,
                1.0428710000000001,
                0.17444299999999999,
                249784,
                249788,
                16713297254127680,
                98784247809,
                0
            ],
            "Compiled Times": 8,
            "nMops": 1985,
            "nQuads": 552,
            "nRouts": 50
        },
        "std": {
            "start_perf": [
                1.4254410266876221,
                0.67805599999999999,
                0.14766499999999999,
                247836,
                249644,
                1586146275.4682519,
                16713296042573334
            ],
            "child_modules": {},
            "Compiled": "Yes",