{
    "stat": {
        "ru_self_end": {
            "ru_minflt": 28088,
            "ru_maxrss_kb": 85672,
            "ru_utime_sec": 0.095340999999999995,
            "ru_majflt": 0,
            "ru_stime_sec": 0.061219000000000003,
            "ru_nvcsw": 632,
            "ru_nivcsw": 9
        },
        "peak_mem_kb": 282816,
        "ru_childs_end": {
            "ru_minflt": 6965,
            "ru_maxrss_kb": 25240,
            "ru_utime_sec": 0.014219000000000001,
            "ru_majflt": 0,
            "ru_stime_sec": 0.013155999999999999,
            "ru_nvcsw": 42,
            "ru_nivcsw": 8
        },
        "cpu_cycles_end": 35654975750028
    },
    "CompUnits": {
        "YI3Pd_d": {
            "mod": "_vcs_unit__1758352789",
            "mode": 4,
            "out": "YI3Pd_d.o",
            "bytes": 26200,
            "text": 414,
            "checksum": 0,
            "archive": "archive.4/_30219_archive_1.a"
        },
        "hAERs_d": {
            "mod": "rob_testbench",
            "mode": 4,
            "out": "hAERs_d.o",
            "bytes": 57126,
            "text": 26577,
            "checksum": 0,
            "archive": "archive.4/_30219_archive_1.a"
        }
    },
    "Modules": {
        "...MASTER...": {
            "start_perf": [
                0.31018900871276855,
                0.063284000000000007,
                0.043275000000000001,
                270404,
                282816,
                1582409044.7509849,
                35654669787528
            ],
            "nQuads": 0,
            "child_modules": {
                "std": 1,
                "_vcs_unit__1758352789": 1,
                "rob_testbench": 1
            },
            "end_perf": [
                0.3208160400390625,
                0.063636999999999999,
                0.046281999999999997,
                271892,
                282816,
                35654705003684,
                0,
                0
            ],
            "nRouts": 5,
            "nMops": 0
        },
        "_vcs_unit__1758352789": {
            "start_perf": [
                0.32091116905212402,
                0.063691999999999999,
                0.046322000000000002,
                271892,
                282816,
                1582409044.7617071,
                35654705294574
            ],
            "nQuads": 34,
            "child_modules": {},
            "Compiled": "Yes",
            "end_perf": [
                0.33538818359375,
                0.064321000000000003,
                0.050677,
                274244,
                282816,
                35654753279090,
                4294967297,
                0
            ],
            "Compiled Times": 5,
            "nRouts": 9,
            "nMops": 22
        },
        "std": {
            "start_perf": [
                0.33544921875,
                0.064354999999999996,
                0.050703999999999999,
                274244,
                282816,
                1582409044.7762451,
                35654753469386
            ],
            "nQuads": 218,
            "child_modules": {},
            "Compiled": "Yes",
            "Compiled Times": 5,
            "end_perf": [
                0.33796811103820801,
                0.066622000000000001,
                0.050945999999999998,
                274244,
                282816,
                35654761803054,
                8589934594,
                0
            ],
            "svclass": [
                "$vcs_nba_dyn_obj",
                0,
                37,
                2,
                2,
                0,
                "sigprop$$",
                0,
                37,
                2,
                2,
                0,
                "process",
                0,
                184,
                8,
                8,
                0,
                "event",
                0,
                36,
                2,
                2,
                0,
                "mailbox",
                0,
                107,
                9,
                9,
                0,
                "semaphore",
                0,
                71,
                5,
                5,
                0
            ],
            "nRouts": 33,
            "nMops": 472
        },
        "rob_testbench": {
            "start_perf": [
                0.33802103996276855,
                0.066653000000000004,
                0.050970000000000001,
                274244,
                282816,
                1582409044.7788169,
                35654761960856
            ],
            "nQuads": 1429,
            "child_modules": {
                "rob": 1
            },
            "Compiled": "Yes",
            "significant_routs": [
                [
                    42,
                    "T_VCSgd_hAERs_2_0",
                    5144658,
                    2510,
                    555
                ]
            ],
            "Compiled Times": 5,
            "end_perf": [
                0.36452913284301758,
                0.087122000000000005,
                0.053838999999999998,
                279764,
                282816,
                35654849835800,
                12884901889,
                0
            ],
            "nRouts": 151,
            "nMops": 3106
        },
        "rob": {
            "start_perf": [
                0.36460208892822266,
                0.087166999999999994,
                0.053866999999999998,
                279764,
                282816,
                1582409044.805398,
                35654850044944
            ],
            "nQuads": 447,
            "child_modules": {},
            "Compiled": "Yes",
            "end_perf": [
                0.36842799186706543,
                0.089911000000000005,
                0.054727999999999999,
                279764,
                282816,
                35654862702200,
                17179869185,
                0
            ],
            "Compiled Times": 5,
            "nRouts": 56,
            "nMops": 1388
        }
    },
    "reusePaths": {
        "amcQw_d": {
            "icPath": "csrc"
        },
        "reYIK_d": {
            "icPath": "csrc"
        },
        "vtxDx_d": {
            "icPath": "csrc"
        }
    },
    "ObjArchives": [
        {
            "archive": "archive.4/_30219_archive_1.a",
            "objects": [
                [
                    "YI3Pd_d.o",
                    26200
                ],
                [
                    "hAERs_d.o",
                    57126
                ],
                [
                    "amcQwB.o",
                    98946
                ]
            ],
            "size": 182272
        }
    ]
}