{
    "Modules": {
        "mult_stage": {
            "start_perf": [
                1.5525729656219482,
                0.79725900000000005,
                0.15502199999999999,
                249776,
                249780,
                1586728677.309032,
                5187337832008944
            ],
            "child_modules": {},
            "end_perf": [
                1.5552380084991455,
                0.79897499999999999,
                0.155971,
                249776,
                249780,
                5187337837891642,
                150323855361,
                0
            ],
            "Compiled": "Yes",
            "Compiled Times": 3,
            "nRouts": 53,
            "nQuads": 288,
            "nMops": 867
        },
        "...MASTER...": {
            "start_perf": [
                1.1983931064605713,
                0.57003899999999996,
                0.120643,
                247800,
                249636,
                1586728676.9548521,
                5187337054685268
            ],
            "child_modules": {
                "_vcs_unit__3765310394": 1,
                "std": 1,
                "proc_testbench": 1
            },
            "end_perf": [
                1.2134940624237061,
                0.572438,
                0.123961,
                247812,
                249636,
                5187337087826606,
                0,
                0
            ],
            "nRouts": 5,
            "nQuads": 0,
            "nMops": 0
        },
        "_vcs_unit__3765310394": {
            "start_perf": [
                1.2136690616607666,
                0.57258200000000004,
                0.123992,
                247812,
                249636,
                1586728676.9701281,
                5187337088186004
            ],
            "child_modules": {},
            "end_perf": [
                1.2239899635314941,
                0.57415400000000005,
                0.12814999999999999,
                247828,
                249636,
                5187337110887902,
                4294967297,
                0
            ],
            "Compiled": "Yes",
            "Compiled Times": 3,
            "nRouts": 10,
            "nQuads": 17,
            "nMops": 11
        },
        "branch": {
            "start_perf": [
                1.3764240741729736,
                0.67311399999999999,
                0.137041,
                247828,
                249636,
                1586728677.1328831,
                5187337445402306
            ],
            "child_modules": {},
            "end_perf": [
                1.3799450397491455,
                0.67654999999999998,
                0.137125,
                247828,
                249636,
                5187337453154534,
                30064771073,
                0
            ],
            "Compiled": "Yes",
            "Compiled Times": 3,
            "nRouts": 38,
            "nQuads": 344,
            "nMops": 1093
        },
        "mem": {
            "start_perf": [
                1.2273519039154053,
                0.576631,
                0.12903600000000001,
                247828,
                249636,
                1586728676.9838109,
                5187337118208550
            ],
            "child_modules": {},
            "end_perf": [
                1.2449960708618164,
                0.58568699999999996,
                0.12925500000000001,
                247828,
                249636,
                5187337156961516,
                12884901889,
                0
            ],
            "Compiled": "Yes",
            "Compiled Times": 3,
            "nRouts": 83,
            "nQuads": 1171,
            "nMops": 3239
        },
        "std": {
            "svclass": [
                "$vcs_nba_dyn_obj",
                0,
                37,
                2,
                2,
                0,
                "sigprop$$",
                0,
                37,
                2,
                2,
                0,
                "process",
                0,
                184,
                8,
                8,
                0,
                "event",
                0,
                36,
                2,
                2,
                0,
                "mailbox",
                0,
                107,
                9,
                9,
                0,
                "semaphore",
                0,
                71,
                5,
                5,
                0
            ],
            "start_perf": [
                1.2240719795227051,
                0.574237,
                0.12814999999999999,
                247828,
                249636,
                1586728676.980531,
                5187337111011820
            ],
            "child_modules": {},
            "Compiled": "Yes",
            "end_perf": [
                1.2272810935974121,
                0.57657199999999997,
                0.129023,
                247828,
                249636,
                5187337118077916,
                8589934594,
                0
            ],
            "Compiled Times": 3,
            "nRouts": 36,
            "nQuads": 224,
            "nMops": 477
        },
        "proc_testbench": {
            "start_perf": [
                1.2450768947601318,
                0.58576899999999998,
                0.12925500000000001,
                247828,
                249636,
                1586728677.0015359,
                5187337157115812
            ],
            "child_modules": {
                "branch": 1,
                "mult_stage": 8,
                "mem": 1,
                "psel_gen_0000": 1,
                "rs_branch": 1,
                "cdb": 1,
                "psel_gen_0001": 1,
                "load_store_queue": 1,
                "rs_lb": 1,
                "rs_sq": 1,
                "dcache": 1
            },
            "end_perf": [
                1.3763339519500732,
                0.67303800000000003,
                0.13702500000000001,
                247828,
                249636,
                5187337445239680,
                17179869185,
                0
            ],
            "Compiled": "Yes",
            "Compiled Times": 3,
            "nRouts": 1292,
            "nQuads": 14744,
            "nMops": 44543
        },
        "psel_gen_0001": {
            "start_perf": [
                1.5315558910369873,
                0.77823500000000001,
                0.153029,
                249776,
                249780,
                1586728677.2880149,
                5187337785881526
            ],
            "child_modules": {},
            "end_perf": [
                1.5355269908905029,
                0.78120800000000001,
                0.154026,
                249776,
                249780,
                5187337794618734,
                98784247809,
                0
            ],
            "Compiled": "Yes",
            "Compiled Times": 3,
            "nRouts": 50,
            "nQuads": 552,
            "nMops": 1985
        },
        "cdb": {
            "start_perf": [
                1.3800110816955566,
                0.67660699999999996,
                0.13713600000000001,
                247828,
                249636,
                1586728677.1364701,
                5187337480156398
            ],
            "child_modules": {},
            "end_perf": [
                1.4068479537963867,
                0.68931100000000001,
                0.139071,
                247828,
                249636,
                5187337512208492,
                42949672961,
                0
            ],
            "Compiled": "Yes",
            "Compiled Times": 3,
            "nRouts": 192,
            "nQuads": 2624,
            "nMops": 7907
        },