{
    "stat": {
        "ru_self_end": {
            "ru_nivcsw": 6,
            "ru_minflt": 27561,
            "ru_utime_sec": 0.078821000000000002,
            "ru_nvcsw": 537,
            "ru_stime_sec": 0.060380999999999997,
            "ru_maxrss_kb": 82828,
            "ru_majflt": 0
        },
        "ru_childs_end": {
            "ru_nivcsw": 9,
            "ru_minflt": 6965,
            "ru_utime_sec": 0.014019999999999999,
            "ru_nvcsw": 763,
            "ru_stime_sec": 0.016063000000000001,
            "ru_maxrss_kb": 25224,
            "ru_majflt": 0
        },
        "cpu_cycles_end": 22794548658540,
        "peak_mem_kb": 282824
    },
    "Modules": {
        "...MASTER...": {
            "start_perf": [
                0.30935502052307129,
                0.057500000000000002,
                0.047232000000000003,
                270404,
                282824,
                1582405161.8066781,
                22794311904842
            ],
            "nQuads": 0,
            "child_modules": {
                "std": 1,
                "_vcs_unit__1758352789": 1,
                "rob_testbench": 1
            },
            "end_perf": [
                0.32058000564575195,
                0.059269000000000002,
                0.049223000000000003,
                271888,
                282824,
                22794349108520,
                0,
                0
            ],
            "nMops": 0,
            "nRouts": 5
        },
        "_vcs_unit__1758352789": {
            "start_perf": [
                0.3206779956817627,
                0.059322,
                0.049267999999999999,
                271888,
                282824,
                1582405161.818001,
                22794349400996
            ],
            "nQuads": 17,
            "child_modules": {},
            "end_perf": [
                0.32958292961120605,
                0.061552999999999997,
                0.050268,
                271904,
                282824,
                22794378942968,
                4294967297,
                0
            ],
            "Compiled": "Yes",
            "nMops": 11,
            "Compiled Times": 7,
            "nRouts": 9
        },
        "std": {
            "start_perf": [
                0.32964301109313965,
                0.061587000000000003,
                0.050296,
                271904,
                282824,
                1582405161.826966,
                22794379092110
            ],
            "svclass": [
                "$vcs_nba_dyn_obj",
                0,
                37,
                2,
                2,
                0,
                "sigprop$$",
                0,
                37,
                2,
                2,
                0,
                "process",
                0,
                184,
                8,
                8,
                0,
                "event",
                0,
                36,
                2,
                2,
                0,
                "mailbox",
                0,
                107,
                9,
                9,
                0,
                "semaphore",
                0,
                71,
                5,
                5,
                0
            ],
            "child_modules": {},
            "nQuads": 218,
            "Compiled": "Yes",
            "end_perf": [
                0.3318629264831543,
                0.063732999999999998,
                0.050368999999999997,
                271904,
                282824,
                22794386473632,
                8589934594,
                0
            ],
            "nMops": 472,
            "Compiled Times": 7,
            "nRouts": 33
        },
        "rob_testbench": {
            "start_perf": [
                0.33191990852355957,
                0.063765000000000002,
                0.050394000000000001,
                271904,
                282824,
                1582405161.8292429,
                22794386631572
            ],
            "nQuads": 1314,
            "child_modules": {
                "rob": 1
            },
            "end_perf": [
                0.3455500602722168,
                0.075562000000000004,
                0.051055000000000003,
                273904,
                282824,
                22794431818384,
                12884901889,
                0
            ],
            "Compiled": "Yes",
            "nMops": 2934,
            "Compiled Times": 7,
            "nRouts": 139
        },
        "rob": {
            "start_perf": [
                0.34560585021972656,
                0.075594999999999996,
                0.051077999999999998,
                273904,
                282824,
                1582405161.8429289,
                22794431958546
            ],
            "nQuads": 467,
            "child_modules": {},
            "end_perf": [
                0.34893894195556641,
                0.078821000000000002,
                0.051181999999999998,
                274540,
                282824,
                22794443031390,
                17179869185,
                0
            ],
            "Compiled": "Yes",
            "nMops": 1478,
            "Compiled Times": 7,
            "nRouts": 52
        }
    },
    "CompUnits": {},
    "reusePaths": {
        "amcQw_d": {
            "icPath": "csrc"
        },
        "vtxDx_d": {
            "icPath": "csrc"
        },
        "reYIK_d": {
            "icPath": "csrc"
        },
        "YI3Pd_d": {
            "icPath": "csrc"
        },
        "hAERs_d": {
            "icPath": "csrc"
        }
    },
    "ObjArchives": [
        {
            "archive": "archive.6/_9165_archive_1.a",
            "objects": [
                [
                    "amcQwB.o",
                    98314
                ]
            ],
            "size": 98314
        }
    ]
}