{
    "reusePaths": {
        "hid7S_d": {
            "icPath": "csrc"
        },
        "amcQw_d": {
            "icPath": "csrc"
        },
        "reYIK_d": {
            "icPath": "csrc"
        },
        "FSbWZ_d": {
            "icPath": "csrc"
        },
        "JbTwf_d": {
            "icPath": "csrc"
        },
        "aUVMg_d": {
            "icPath": "csrc"
        }
    },
    "Modules": {
        "...MASTER...": {
            "start_perf": [
                1.0145719051361084,
                0.60982499999999995,
                0.095599000000000003,
                247800,
                249636,
                1586230531.359483,
                16915276317942054
            ],
            "end_perf": [
                1.0282838344573975,
                0.61249900000000002,
                0.098562999999999998,
                247812,
                249636,
                16915276350824474,
                0,
                0
            ],
            "child_modules": {
                "_vcs_unit__290113254": 1,
                "proc_testbench": 1,
                "std": 1
            },
            "nQuads": 0,
            "nMops": 0,
            "nRouts": 5
        },
        "_vcs_unit__290113254": {
            "Compiled": "Yes",
            "start_perf": [
                1.0284597873687744,
                0.61265000000000003,
                0.098586999999999994,
                247812,
                249636,
                1586230531.3733709,
                16915276351232270
            ],
            "end_perf": [
                1.0457148551940918,
                0.61596399999999996,
                0.104502,
                249776,
                249776,
                16915276392624774,
                4294967297,
                0
            ],
            "child_modules": {},
            "Compiled Times": 2,
            "nQuads": 34,
            "nMops": 22,
            "nRouts": 10
        },
        "cdb": {
            "start_perf": [
                1.3407349586486816,
                0.88841099999999995,
                0.12159,
                249776,
                249800,
                1586230531.6856461,
                16915277099859246
            ],
            "Compiled": "Yes",
            "child_modules": {},
            "end_perf": [
                1.4005389213562012,
                0.93111900000000003,
                0.12159,
                249776,
                249800,
                16915277243227616,
                42949672961,
                0
            ],
            "Compiled Times": 2,
            "nQuads": 2624,
            "significant_routs": [
                [
                    66,
                    "R_VCSgd_JqSQt_42",
                    47842004,
                    5191,
                    663
                ],
                [
                    112,
                    "R_VCSgd_JqSQt_70",
                    12046999,
                    8672,
                    1453
                ]
            ],
            "nMops": 7907,
            "nRouts": 192
        },
        "rs_sq": {
            "start_perf": [
                1.6481578350067139,
                1.1181890000000001,
                0.12453699999999999,
                250484,
                250508,
                1586230531.9930689,
                16915277836782246
            ],
            "Compiled": "Yes",
            "child_modules": {
                "psel_gen_0001": 1
            },
            "end_perf": [
                1.6915128231048584,
                1.13547,
                0.12549399999999999,
                250484,
                250508,
                16915277940755176,
                133143986177,
                0
            ],
            "Compiled Times": 2,
            "nQuads": 904,
            "significant_routs": [
                [
                    20,
                    "R_VCSgd_P37IF_14",
                    61761013,
                    585,
                    97
                ]
            ],
            "nMops": 2383,
            "nRouts": 78
        },
        "mem": {
            "Compiled": "Yes",
            "start_perf": [
                1.0493078231811523,
                0.61947399999999997,
                0.104586,
                249776,
                249780,
                1586230531.3942189,
                16915276401193104
            ],
            "end_perf": [
                1.0593888759613037,
                0.625498,
                0.107775,
                249776,
                249780,
                16915276425425460,
                12884901889,
                0
            ],
            "child_modules": {},
            "Compiled Times": 2,
            "nQuads": 1171,
            "nMops": 3239,
            "nRouts": 83
        },
        "branch": {
            "Compiled": "Yes",
            "start_perf": [
                1.3311488628387451,
                0.87890699999999999,
                0.12154,
                249776,
                249800,
                1586230531.67606,
                16915277076839742
            ],
            "end_perf": [
                1.3406238555908203,
                0.88831099999999996,
                0.12159,
                249776,
                249800,
                16915277099583026,
                30064771073,
                0
            ],
            "child_modules": {},
            "Compiled Times": 2,
            "nQuads": 603,
            "nMops": 1920,
            "nRouts": 38
        },
        "proc_testbench": {
            "start_perf": [
                1.0594658851623535,
                0.62556500000000004,
                0.10778600000000001,
                249776,
                249780,
                1586230531.404377,
                16915276425554553
            ],
            "Compiled": "Yes",
            "child_modules": {
                "branch": 1,
                "mem": 1,
                "rs_sq": 1,
                "psel_gen_0000": 1,
                "rs_lb": 1,
                "dcache": 1,
                "psel_gen_0001": 1,
                "rs_branch": 1,
                "mult_stage": 8,
                "load_store_queue": 1,
                "cdb": 1
            },
            "end_perf": [
                1.3310689926147461,
                0.87883599999999995,
                0.12153,
                249776,
                249800,
                16915277076692396,
                17179869185,
                0
            ],
            "Compiled Times": 2,
            "nQuads": 16219,
            "significant_routs": [
                [
                    13,
                    "R_VCSgd_pBHdv_d",
                    17532033,
                    10335,
                    1573
                ],
                [
                    19,
                    "R_VCSgd_pBHdv_13",
                    13530252,
                    8608,
                    1235
                ],
                [
                    111,
                    "R_VCSgd_pBHdv_6f",
                    12434492,
                    5772,
                    1135
                ],
                [
                    241,
                    "T_VCSgd_pBHdv_9_0",
                    19435494,
                    8355,
                    2311
                ],
                [
                    288,
                    "T_VCSgd_pBHdv_20_0",
                    18766052,
                    7253,
                    2494
                ]
            ],
            "nMops": 49999,
            "nRouts": 1237
        },
        "std": {
            "start_perf": [
                1.0457878112792969,
                0.61602699999999999,
                0.10451299999999999,
                249776,
                249776,
                1586230531.3906989,
                16915276392768555
            ],
            "Compiled": "Yes",