{
    "Modules": {
        "...MASTER...": {
            "end_perf": [
                1.0082590579986572,
                0.62292199999999998,
                0.114491,
                247668,
                249492,
                3628636594722678,
                0,
                0
            ],
            "start_perf": [
                0.99578714370727539,
                0.62292199999999998,
                0.108684,
                247656,
                249492,
                1586027013.987215,
                3628636567333156
            ],
            "nQuads": 0,
            "child_modules": {
                "_vcs_unit__290113254": 1,
                "std": 1,
                "proc_testbench": 1
            },
            "nMops": 0,
            "nRouts": 5
        },
        "mult_stage": {
            "end_perf": [
                1.4124040603637695,
                0.98129999999999995,
                0.127474,
                249632,
                249656,
                3628637481751218,
                146028888065,
                0
            ],
            "start_perf": [
                1.4097301959991455,
                0.97862700000000002,
                0.127474,
                249632,
                249656,
                1586027014.4011581,
                3628637475852622
            ],
            "nQuads": 288,
            "Compiled": "Yes",
            "child_modules": {},
            "Compiled Times": 4,
            "nMops": 867,
            "nRouts": 53
        },
        "_vcs_unit__290113254": {
            "end_perf": [
                1.0243291854858398,
                0.62870199999999998,
                0.11769300000000001,
                249632,
                249632,
                3628636630005982,
                4294967297,
                0
            ],
            "start_perf": [
                1.0084271430969238,
                0.62292199999999998,
                0.114659,
                247668,
                249492,
                1586027013.999855,
                3628636595064484
            ],
            "nQuads": 34,
            "Compiled": "Yes",
            "child_modules": {},
            "Compiled Times": 4,
            "nMops": 22,
            "nRouts": 10
        },
        "std": {
            "end_perf": [
                1.0278711318969727,
                0.63115399999999999,
                0.118781,
                249632,
                249636,
                3628636637765912,
                8589934594,
                0
            ],
            "start_perf": [
                1.0244100093841553,
                0.62877099999999997,
                0.11770600000000001,
                249632,
                249632,
                1586027014.0158379,
                3628636630147048
            ],
            "nQuads": 224,
            "child_modules": {},
            "Compiled": "Yes",
            "Compiled Times": 8,
            "nRouts": 36,
            "svclass": [
                "$vcs_nba_dyn_obj",
                0,
                37,
                2,
                2,
                0,
                "sigprop$$",
                0,
                37,
                2,
                2,
                0,
                "process",
                0,
                184,
                8,
                8,
                0,
                "event",
                0,
                36,
                2,
                2,
                0,
                "mailbox",
                0,
                107,
                9,
                9,
                0,
                "semaphore",
                0,
                71,
                5,
                5,
                0
            ],
            "nMops": 477
        },
        "mem": {
            "end_perf": [
                1.03855299949646,
                0.640737,
                0.118794,
                249632,
                249636,
                3628636661224594,
                12884901889,
                0
            ],
            "start_perf": [
                1.0279459953308105,
                0.63121899999999997,
                0.118794,
                249632,
                249636,
                1586027014.0193739,
                3628636637901406
            ],
            "nQuads": 1171,
            "Compiled": "Yes",
            "child_modules": {},
            "Compiled Times": 8,
            "nMops": 3239,
            "nRouts": 83
        },
        "proc_testbench": {
            "end_perf": [
                1.313014030456543,
                0.89507000000000003,
                0.124566,
                249632,
                249656,
                3628637263632652,
                17179869185,
                0
            ],
            "start_perf": [
                1.0386300086975098,
                0.64081600000000005,
                0.118794,
                249632,
                249636,
                1586027014.0300579,
                3628636661358210
            ],
            "nQuads": 16115,
            "child_modules": {
                "cdb": 1,
                "branch": 1,
                "rs_branch": 1,
                "rs_sq": 1,
                "psel_gen_0000": 1,
                "psel_gen_0001": 2,
                "mem": 1,
                "mult_stage": 8,
                "load_store_queue": 1,
                "dcache": 1
            },
            "Compiled": "Yes",
            "Compiled Times": 8,
            "nMops": 49367,
            "significant_routs": [
                [
                    12,
                    "R_VCSgd_pBHdv_c",
                    13608398,
                    10335,
                    1573
                ],
                [
                    18,
                    "R_VCSgd_pBHdv_12",
                    10752972,
                    8608,
                    1235
                ],
                [
                    239,
                    "T_VCSgd_pBHdv_9_0",
                    14973464,
                    8140,
                    2243
                ],
                [
                    283,
                    "T_VCSgd_pBHdv_20_0",
                    14273478,
                    6806,
                    2406
                ]
            ],
            "nRouts": 1236
        },
        "branch": {
            "end_perf": [
                1.3169550895690918,
                0.89800599999999997,
                0.12556,
                249632,
                249656,
                3628637272261612,
                30064771073,
                0
            ],
            "start_perf": [
                1.3131101131439209,
                0.89515500000000003,
                0.12457799999999999,
                249632,
                249656,
                1586027014.304538,
                3628637263786722
            ],
            "nQuads": 344,
            "Compiled": "Yes",
            "child_modules": {},
            "Compiled Times": 4,
            "nMops": 1093,
            "nRouts": 38
        },
        "cdb": {
            "end_perf": [
                1.3331921100616455,
                0.91422000000000003,
                0.125579,
                249632,
                249656,
                3628637307981540,
                42949672961,
                0
            ],
            "start_perf": [
                1.3170251846313477,
                0.89806900000000001,
                0.12556899999999999,
                249632,
                249656,
                1586027014.3084531,
                3628637272379884
            ],
            "nQuads": 2901,
            "Compiled": "Yes",
            "child_modules": {},
            "Compiled Times": 4,
            "nMops": 8301,
            "nRouts": 223
        },