{
    "CompUnits": {
        "Ecurt_d": {
            "archive": "archive.12/_28804_archive_1.a",
            "mod": "_vcs_unit__290113254",
            "text": 430,
            "out": "Ecurt_d.o",
            "bytes": 53100,
            "mode": 4,
            "checksum": 0
        },
        "pBHdv_d": {
            "archive": "archive.12/_28804_archive_1.a",
            "mod": "proc_testbench",
            "text": 304560,
            "out": "pBHdv_d.o",
            "bytes": 572548,
            "mode": 4,
            "checksum": 0
        },
        "JqSQt_d": {
            "archive": "archive.12/_28804_archive_1.a",
            "mod": "cdb",
            "text": 55453,
            "out": "JqSQt_d.o",
            "bytes": 96620,
            "mode": 4,
            "checksum": 0
        },
        "JbTwf_d": {
            "archive": "archive.12/_28804_archive_1.a",
            "mod": "psel_gen_0000",
            "text": 20587,
            "out": "JbTwf_d.o",
            "bytes": 39164,
            "mode": 4,
            "checksum": 0
        },
        "hid7S_d": {
            "archive": "archive.12/_28804_archive_1.a",
            "mod": "psel_gen_0001",
            "text": 10887,
            "out": "hid7S_d.o",
            "bytes": 24772,
            "mode": 4,
            "checksum": 0
        }
    },
    "Modules": {
        "...MASTER...": {
            "end_perf": [
                1.079927921295166,
                0.64122599999999996,
                0.107541,
                247660,
                249484,
                3640133319025016,
                0,
                0
            ],
            "start_perf": [
                1.0666329860687256,
                0.63777099999999998,
                0.104555,
                247648,
                249484,
                1586032252.05779,
                3640133289825960
            ],
            "nQuads": 0,
            "child_modules": {
                "std": 1,
                "_vcs_unit__290113254": 1,
                "proc_testbench": 1
            },
            "nMops": 0,
            "nRouts": 5
        },
        "rs_sq": {
            "end_perf": [
                1.6212358474731445,
                1.0623990000000001,
                0.124163,
                249624,
                249648,
                3640134507109320,
                133143986177,
                0
            ],
            "start_perf": [
                1.6149389743804932,
                1.056135,
                0.12413299999999999,
                249624,
                249648,
                1586032252.606096,
                3640134493251784
            ],
            "nQuads": 877,
            "Compiled Times": 8,
            "child_modules": {
                "psel_gen_0001": 1
            },
            "Compiled": "Yes",
            "nMops": 2290,
            "nRouts": 86
        },
        "_vcs_unit__290113254": {
            "end_perf": [
                1.0949749946594238,
                0.645262,
                0.11239399999999999,
                249624,
                249624,
                3640133352078812,
                4294967297,
                0
            ],
            "start_perf": [
                1.0801448822021484,
                0.64141300000000001,
                0.107572,
                247660,
                249484,
                1586032252.0713019,
                3640133319481624
            ],
            "nQuads": 34,
            "Compiled Times": 8,
            "child_modules": {},
            "Compiled": "Yes",
            "nMops": 22,
            "nRouts": 10
        },
        "std": {
            "start_perf": [
                1.0950658321380615,
                0.64534000000000002,
                0.11240700000000001,
                249624,
                249624,
                1586032252.0862229,
                3640133352222478
            ],
            "end_perf": [
                1.0988428592681885,
                0.64911600000000003,
                0.11240700000000001,
                249624,
                249628,
                3640133360541646,
                8589934594,
                0
            ],
            "child_modules": {},
            "Compiled Times": 12,
            "nQuads": 224,
            "Compiled": "Yes",
            "svclass": [
                "$vcs_nba_dyn_obj",
                0,
                37,
                2,
                2,
                0,
                "sigprop$$",
                0,
                37,
                2,
                2,
                0,
                "process",
                0,
                184,
                8,
                8,
                0,
                "event",
                0,
                36,
                2,
                2,
                0,
                "mailbox",
                0,
                107,
                9,
                9,
                0,
                "semaphore",
                0,
                71,
                5,
                5,
                0
            ],
            "nMops": 477,
            "nRouts": 36
        },
        "dcache": {
            "end_perf": [
                1.4980878829956055,
                0.99056,
                0.12119000000000001,
                249624,
                249648,
                3640134236847618,
                55834574849,
                0
            ],
            "start_perf": [
                1.4766950607299805,
                0.96921000000000002,
                0.121159,
                249624,
                249648,
                1586032252.4678521,
                3640134189842366
            ],
            "nQuads": 2823,
            "Compiled Times": 8,
            "child_modules": {},
            "Compiled": "Yes",
            "nMops": 10925,
            "nRouts": 149
        },
        "mem": {
            "end_perf": [
                1.1101338863372803,
                0.65863099999999997,
                0.11328000000000001,
                249624,
                249628,
                3640133385322244,
                12884901889,
                0
            ],
            "start_perf": [
                1.0989229679107666,
                0.64919700000000002,
                0.11240700000000001,
                249624,
                249628,
                1586032252.09008,
                3640133360689116
            ],
            "nQuads": 1171,
            "Compiled Times": 12,
            "child_modules": {},
            "Compiled": "Yes",
            "nMops": 3239,
            "nRouts": 83
        },
        "cdb": {
            "start_perf": [
                1.4154210090637207,
                0.92421500000000001,
                0.121159,
                249624,
                249648,
                1586032252.4065781,
                3640134055343832
            ],
            "end_perf": [
                1.476611852645874,
                0.96912600000000004,
                0.121159,
                249624,
                249648,
                3640134189692750,
                42949672961,
                0
            ],
            "child_modules": {},
            "Compiled Times": 8,
            "nQuads": 2930,
            "Compiled": "Yes",
            "significant_routs": [
                [
                    80,
                    "R_VCSgd_JqSQt_50",
                    14132782,
                    13416,
                    1687
                ],
                [
                    82,
                    "R_VCSgd_JqSQt_52",
                    42656332,
                    5639,
                    733
                ]
            ],
            "nMops": 8383,
            "nRouts": 223
        },