{
    "Modules": {
        "...MASTER...": {
            "nMops": 0,
            "nQuads": 0,
            "end_perf": [
                1.2353279590606689,
                0.64624099999999995,
                0.110235,
                247660,
                249484,
                3686673770651900,
                0,
                0
            ],
            "start_perf": [
                1.199760913848877,
                0.64380199999999999,
                0.10628799999999999,
                247648,
                249484,
                1586053456.5296299,
                3686673692589106
            ],
            "child_modules": {
                "proc_testbench": 1,
                "_vcs_unit__290113254": 1,
                "std": 1
            },
            "nRouts": 5
        },
        "rs_sq": {
            "nMops": 2290,
            "nQuads": 877,
            "end_perf": [
                1.8528239727020264,
                1.0591600000000001,
                0.13425000000000001,
                249624,
                249648,
                3686675125955134,
                133143986177,
                0
            ],
            "start_perf": [
                1.8466238975524902,
                1.0529599999999999,
                0.13425000000000001,
                249624,
                249648,
                1586053457.1764929,
                3686675112306768
            ],
            "child_modules": {
                "psel_gen_0001": 1
            },
            "Compiled": "Yes",
            "Compiled Times": 5,
            "nRouts": 86
        },
        "proc_testbench": {
            "end_perf": [
                1.5952119827270508,
                0.92018900000000003,
                0.127302,
                249624,
                249648,
                3686674560583798,
                17179869185,
                0
            ],
            "nQuads": 16501,
            "nMops": 50864,
            "start_perf": [
                1.2853970527648926,
                0.66195499999999996,
                0.119533,
                249624,
                249628,
                1586053456.6152661,
                3686673880502520
            ],
            "child_modules": {
                "branch": 1,
                "load_store_queue": 1,
                "mem": 1,
                "cdb": 1,
                "psel_gen_0000": 1,
                "mult_stage": 8,
                "psel_gen_0001": 2,
                "rs_branch": 1,
                "rs_sq": 1,
                "dcache": 1
            },
            "Compiled": "Yes",
            "significant_routs": [
                [
                    13,
                    "R_VCSgd_pBHdv_d",
                    15167396,
                    10335,
                    1573
                ],
                [
                    19,
                    "R_VCSgd_pBHdv_13",
                    29332878,
                    8608,
                    1235
                ],
                [
                    246,
                    "T_VCSgd_pBHdv_9_0",
                    14932084,
                    8359,
                    2311
                ],
                [
                    290,
                    "T_VCSgd_pBHdv_20_0",
                    15294100,
                    7253,
                    2494
                ]
            ],
            "Compiled Times": 5,
            "nRouts": 1254
        },
        "_vcs_unit__290113254": {
            "nMops": 22,
            "nQuads": 34,
            "end_perf": [
                1.2505660057067871,
                0.647868,
                0.117885,
                249624,
                249624,
                3686673804126976,
                4294967297,
                0
            ],
            "start_perf": [
                1.23549485206604,
                0.64638399999999996,
                0.110259,
                247660,
                249484,
                1586053456.5653639,
                3686673770983606
            ],
            "child_modules": {},
            "Compiled": "Yes",
            "Compiled Times": 5,
            "nRouts": 10
        },
        "dcache": {
            "nMops": 10881,
            "nQuads": 2854,
            "end_perf": [
                1.729172945022583,
                0.98706700000000003,
                0.131274,
                249624,
                249648,
                3686674854606134,
                55834574849,
                0
            ],
            "start_perf": [
                1.6678938865661621,
                0.96818099999999996,
                0.12929099999999999,
                249624,
                249648,
                1586053456.9977629,
                3686674720026532
            ],
            "child_modules": {},
            "Compiled": "Yes",
            "Compiled Times": 5,
            "nRouts": 155
        },
        "std": {
            "end_perf": [
                1.2719979286193848,
                0.65186200000000005,
                0.118703,
                249624,
                249628,
                3686673851153318,
                8589934594,
                0
            ],
            "nQuads": 224,
            "nMops": 477,
            "start_perf": [
                1.2506599426269531,
                0.64794799999999997,
                0.1179,
                249624,
                249624,
                1586053456.580529,
                3686673804290012
            ],
            "svclass": [
                "$vcs_nba_dyn_obj",
                0,
                37,
                2,
                2,
                0,
                "sigprop$$",
                0,
                37,
                2,
                2,
                0,
                "process",
                0,
                184,
                8,
                8,
                0,
                "event",
                0,
                36,
                2,
                2,
                0,
                "mailbox",
                0,
                107,
                9,
                9,
                0,
                "semaphore",
                0,
                71,
                5,
                5,
                0
            ],
            "child_modules": {},
            "Compiled": "Yes",
            "Compiled Times": 5,
            "nRouts": 36
        },
        "load_store_queue": {
            "nMops": 12914,
            "nQuads": 3465,
            "end_perf": [
                1.7542328834533691,
                1.009061,
                0.133272,
                249624,
                249648,
                3686674909615576,
                68719476737,
                0
            ],
            "start_perf": [
                1.7292790412902832,
                0.98716199999999998,
                0.13128699999999999,
                249624,
                249648,
                1586053457.0591481,
                3686674854762602
            ],
            "child_modules": {
                "psel_gen_0000": 2
            },
            "Compiled": "Yes",
            "Compiled Times": 5,
            "nRouts": 96
        },
        "branch": {
            "nMops": 1093,
            "nQuads": 344,
            "end_perf": [
                1.5993039608001709,
                0.92423900000000003,
                0.12731600000000001,
                249624,
                249648,
                3686674569523664,
                30064771073,
                0
            ],
            "start_perf": [
                1.5953209400177002,
                0.92028600000000005,
                0.12731600000000001,
                249624,
                249648,
                1586053456.92519,
                3686674560741254
            ],
            "child_modules": {},
            "Compiled": "Yes",
            "Compiled Times": 5,