{
    "Modules": {
        "psel_gen_0001": {
            "start_perf": [
                2.2808389663696289,
                0.976294,
                0.14966499999999999,
                249744,
                249768,
                1586059176.189606,
                3699227422810676
            ],
            "nMops": 1985,
            "child_modules": {},
            "Compiled": "Yes",
            "Compiled Times": 8,
            "end_perf": [
                2.2853720188140869,
                0.97983299999999995,
                0.150591,
                249744,
                249768,
                3699227432654060,
                98784247809,
                0
            ],
            "nQuads": 552,
            "nRouts": 50
        },
        "std": {
            "start_perf": [
                1.8081269264221191,
                0.62688500000000003,
                0.13014500000000001,
                249744,
                249744,
                1586059175.7168939,
                3699226385146530
            ],
            "child_modules": {},
            "nMops": 477,
            "Compiled": "Yes",
            "Compiled Times": 8,
            "svclass": [
                "$vcs_nba_dyn_obj",
                0,
                37,
                2,
                2,
                0,
                "sigprop$$",
                0,
                37,
                2,
                2,
                0,
                "process",
                0,
                184,
                8,
                8,
                0,
                "event",
                0,
                36,
                2,
                2,
                0,
                "mailbox",
                0,
                107,
                9,
                9,
                0,
                "semaphore",
                0,
                71,
                5,
                5,
                0
            ],
            "end_perf": [
                1.8122639656066895,
                0.62979499999999999,
                0.13112399999999999,
                249744,
                249748,
                3699226394260660,
                8589934594,
                0
            ],
            "nQuads": 224,
            "nRouts": 36
        },
        "...MASTER...": {
            "start_perf": [
                1.7398879528045654,
                0.61939100000000002,
                0.122604,
                247768,
                249604,
                1586059175.6486549,
                3699226235392844
            ],
            "nMops": 0,
            "child_modules": {
                "proc_testbench": 1,
                "_vcs_unit__290113254": 1,
                "std": 1
            },
            "end_perf": [
                1.7522399425506592,
                0.62095900000000004,
                0.12617900000000001,
                247780,
                249604,
                3699226262510134,
                0,
                0
            ],
            "nQuads": 0,
            "nRouts": 5
        },
        "rs_sq": {
            "start_perf": [
                2.2921309471130371,
                0.985626,
                0.151558,
                249744,
                249768,
                1586059176.2008979,
                3699227447450808
            ],
            "nMops": 2290,
            "child_modules": {
                "psel_gen_0001": 1
            },
            "Compiled": "Yes",
            "Compiled Times": 8,
            "end_perf": [
                2.298274040222168,
                0.99174099999999998,
                0.151584,
                249744,
                249768,
                3699227460967974,
                133143986177,
                0
            ],
            "nQuads": 877,
            "nRouts": 86
        },
        "proc_testbench": {
            "significant_routs": [
                [
                    258,
                    "T_VCSgd_pBHdv_15_0",
                    28349972,
                    425,
                    56
                ]
            ],
            "start_perf": [
                1.8362939357757568,
                0.636911,
                0.13413900000000001,
                249744,
                249748,
                1586059175.7450609,
                3699226446961876
            ],
            "child_modules": {
                "cdb": 1,
                "branch": 1,
                "psel_gen_0000": 1,
                "psel_gen_0001": 2,
                "rs_branch": 1,
                "mem": 1,
                "mult_stage": 8,
                "load_store_queue": 1,
                "rs_sq": 1,
                "dcache": 1
            },
            "nMops": 50956,
            "Compiled": "Yes",
            "Compiled Times": 8,
            "end_perf": [
                2.1589860916137695,
                0.90485800000000005,
                0.147671,
                249744,
                249768,
                3699227155267104,
                17179869185,
                0
            ],
            "nQuads": 16534,
            "nRouts": 1253
        },
        "_vcs_unit__290113254": {
            "start_perf": [
                1.7523961067199707,
                0.62109000000000003,
                0.12620500000000001,
                247780,
                249604,
                1586059175.6611631,
                3699226262825538
            ],
            "nMops": 22,
            "child_modules": {},
            "Compiled": "Yes",
            "Compiled Times": 8,
            "end_perf": [
                1.8080060482025146,
                0.62678400000000001,
                0.13012399999999999,
                249744,
                249744,
                3699226384985514,
                4294967297,
                0
            ],
            "nQuads": 34,
            "nRouts": 10
        },
        "mult_stage": {
            "start_perf": [
                2.2983460426330566,
                0.99180500000000005,
                0.15159400000000001,
                249744,
                249768,
                1586059176.207113,
                3699227461197500
            ],
            "nMops": 867,
            "child_modules": {},
            "Compiled": "Yes",
            "Compiled Times": 8,
            "end_perf": [
                2.3014941215515137,
                0.99471100000000001,
                0.15159400000000001,
                249744,
                249768,
                3699227468046094,
                146028888065,
                0
            ],
            "nQuads": 288,
            "nRouts": 53
        },
        "load_store_queue": {
            "start_perf": [
                2.2501859664916992,
                0.946685,
                0.14869399999999999,
                249744,
                249768,
                1586059176.158953,
                3699227355383984
            ],
            "nMops": 12998,
            "child_modules": {
                "psel_gen_0000": 2
            },
            "Compiled": "Yes",
            "Compiled Times": 8,
            "end_perf": [
                2.2734720706939697,
                0.96898300000000004,
                0.14960699999999999,
                249744,
                249768,
                3699227406561326,
                68719476737,
                0
            ],
            "nQuads": 3458,
            "nRouts": 96
        },
        "mem": {
            "start_perf": [
                1.8123469352722168,
                0.62986500000000001,
                0.13113900000000001,
                249744,
                249748,
                1586059175.7211139,
                3699226394409776
            ],
            "nMops": 3239,
            "child_modules": {},
            "Compiled": "Yes",
            "Compiled Times": 8,